id,name,region,overview,latitude,longitude,contentid,tags,image_url,detailed_keywords
,가도 가도 또 가고 싶은 여행지의 스테디셀러,,,38.2133149015,128.6003708453,2361026,"여행코스,추천코스",,[]
,가사문학의 향을 따라가는 가사문학로드,,,35.1843194658,127.0119150269,1885246,"여행코스,추천코스",,[]
,가슴 탁 트이는 속초여행,강원특별자치도 속초시 중앙로147번길 12,,38.2040435685,128.5906247984,2680214,"여행코스,추천코스",,[]
,가야 유적지의 데이트하기 좋은 곳,,,35.2323441779,128.8731114595,1968165,"여행코스,추천코스",,[]
,가야의 고대문화가 잠든 고령 땅을 밟다,,,35.7230665416,128.2572187514,1949308,"여행코스,추천코스",,[]
,가야의 자취를 따라 길을 걷다,,,35.2323441779,128.8731114595,1908287,"여행코스,추천코스",,[]
,가야의 흔적을 찾아서,,,35.2349050783,128.8772665825,2514870,"여행코스,추천코스",,[]
,가을 바다를 즐길 수 있는 목포 1박2일 여행 코스,전라남도 목포시 영산로29번길 6,,34.7873731725,126.3821193361,2916281,"여행코스,추천코스",,[]
,가을 홍성을 즐기는 방법,충청남도 홍성군 홍성읍 아문길 27,,36.6013713629,126.660787439,2677792,"여행코스,추천코스",,[]
,가을여행주간 맞이 '오늘은 예천에서!',경상북도 예천군 예천읍 양궁장길 38,,36.6346778526,128.4684133992,2619120,"여행코스,추천코스",,[]
,가을은 향기로운 허브와 맑은 공기로 몸과 마음을 채우자,,,37.0653607848,127.3584173556,2514028,"여행코스,추천코스",,[]
,"가정의 달, 싱글을 위한 혼자 먹는 밥상 코스",,,37.5071013134,127.0494329104,2384832,"여행코스,추천코스",,[]
,"가족, 연인이 함께 즐길 수 있는 문화 체험 여행 코스",인천광역시 강화군 남문안길20번길 8,,37.7457829284,126.4848944278,2961651,"여행코스,추천코스",,[]
,가족끼리 대부도 나들이,,,37.3257653744,126.8139149802,1942787,"여행코스,추천코스",,[]
,가족들 웃음소리 가득 찬 하루,,,35.8007847438,128.5189157802,1873302,"여행코스,추천코스",,[]
,가족들을 위한 알짜배기 태백여행,,,37.1438475098,128.7746822584,1871375,"여행코스,추천코스",,[]
,가족여행으로 떠나기 좋은 세종 1박2일 여행 코스,세종특별자치시  수목원로 136 국립세종수목원,,36.4986579981,127.2857090051,2932743,"여행코스,추천코스",,[]
,가창오리의 화려한 군무를 만나다,,,35.8404805922,126.489267094,1857201,"여행코스,추천코스",,[]
,"가평에서 만나보는 유럽, 이색체험 여행",,,37.7416600981,127.3519597486,2012017,"여행코스,추천코스",,[]
,간판 하나로 유명해진 원촌마을,,,35.6910909667,127.3974372999,2381376,"여행코스,추천코스",,[]
,감각적으로 탈바꿈한 마산,,,35.1741258216,128.5745890909,2385684,"여행코스,추천코스",,[]
,감성이 꿈틀꿈틀 파주 여행,,,37.7166316086,126.6890709905,2568556,"여행코스,추천코스",,[]
,강과 사람의 이야기가 포항의 물길,,,36.0413596216,129.3725755913,2383747,"여행코스,추천코스",,[]
,강릉 경포로 떠나는 누정 시·문학 기행,,,37.7865588677,128.8850778068,1904557,"여행코스,추천코스",,[]
,강릉 천년의 역사를 만나는 문화유산답사,,,0.0,0.0,1852909,"여행코스,추천코스",,[]
,강릉으로 별보러 가자,강원특별자치도 강릉시 창해로14번길 20-1,,37.7726505813,128.9473504054,2721490,"여행코스,추천코스",,[]
,강릉의 대표 유적지 오죽헌을 걷다.,,,37.7787651808,128.8776814918,2390089,"여행코스,추천코스",,[]
,강바람 맞으며 죽림욕을 즐겨보자,,,35.5890812044,129.1371063212,1889372,"여행코스,추천코스",,[]
,강변 따라 즐기는 오붓한 가족캠핑,,,37.8193319398,127.5205087944,1960918,"여행코스,추천코스",,[]
,강북의 오래된 길을 따라 걷다,,,37.5985313567,126.9937770548,1920568,"여행코스,추천코스",,[]
,강원 북부 최고의 드라이브 코스로만 짜여진 아름다운 로드트립 코스,강원특별자치도 철원군 금강산로 265 노동당사,,38.2552363123,127.2019389791,2987536,"여행코스,추천코스",,[]
,강원 춘천의 이색문화 체험 코스,,,37.892865452,127.6919326785,1960290,"여행코스,추천코스",,[]
,강원도 고성의 송지호 캠핑장,,,38.3428008983,128.5133247077,1979622,"여행코스,추천코스",,[]
,강원도 양양군 겨울바다 해돋이코스,,,38.0513717866,128.5571409191,1967383,"여행코스,추천코스",,[]
,강원도 영월의 우리 민속과 아프리카 민속 박물관에서의 토속체험,,,37.0964858668,128.6070514402,1917281,"여행코스,추천코스",,[]
,강원도 태백시 힐링여행 코스,,,37.1802985577,129.0466485278,1968948,"여행코스,추천코스",,[]
,강원도의 바다와 볼거리 알차게 체험하자,,,37.1837942045,129.1293965923,1960567,"여행코스,추천코스",,[]
,강원도의 산과 바다를 동시에 즐기는 1박 2일 코스,,,37.4772693736,129.159165514,2514013,"여행코스,추천코스",,[]
,강원도의 자연과 문학여행,,,37.5225141217,128.291911539,1960926,"여행코스,추천코스",,[]
,"강진, 천재 실학자 다산을 만나러 가는 길",,,34.5790442458,126.7462228308,2385665,"여행코스,추천코스",,[]
,강화도 비운의 역사길을 걷다,,,37.631869261,126.5320377338,1886027,"여행코스,추천코스",,[]
,강화도 조용한 운치를 따라 능묘로 가는 길,,,37.6459348327,126.2459246635,1909304,"여행코스,추천코스",,[]
,강화도의 애환이 서린 교동도를 밟다,,,37.7886351199,126.261702605,1977229,"여행코스,추천코스",,[]
,거북이가 앉아있는 좌구산에서의 힐링여행,,,36.8045942288,127.5474187447,1886535,"여행코스,추천코스",,[]
,"거제도 일상 회복 청춘 투어, 지친 나를 위로하고 치유하는 여행",,,0.0,0.0,2821974,"여행코스,추천코스",,[]
,거제도를 돌아보는 거제도 학동캠핑장,,,34.7770353955,128.6430909259,1978858,"여행코스,추천코스",,[]
,거제도에서만 볼 수 있는 명소 코스,,,0.0,0.0,2394462,"여행코스,추천코스",,[]
,거제에서만 먹을 수 있는 바다의 맛,,,34.875324085,128.6247343647,2393559,"여행코스,추천코스",,[]
,거제와 통영의 절경 속으로,,,34.875324085,128.6247343647,1960921,"여행코스,추천코스",,[]
,거제의 청정하고 푸른 바다와 볼거리,,,34.8335829214,128.7020315291,2364082,"여행코스,추천코스",,[]
,걷고 걸어 짜릿한 순간에 이르다,,,38.2403050273,127.2182962522,2569813,"여행코스,추천코스",,[]
,겨울 입맛을 돋궈주는 목포 5미,,,34.7662587195,126.372081841,2037381,"여행코스,추천코스",,[]
,겨울방학 썰매장과 안성장의 따끈함으로 추위를 달래자,,,37.0312444314,127.3114447748,2514030,"여행코스,추천코스",,[]
,겨울에 먹는 따끈한 삼계탕,,,37.4396391246,126.8618741068,2515446,"여행코스,추천코스",,[]
,"겨울여행지 추천. 느린 만큼 매력적인 곳, 1박2일 안동 여행 코스",,,36.5768149396,128.7601169125,2557515,"여행코스,추천코스",,[]
,경기 가평군 얼음 눈꽃코스,,,37.7543291982,127.4135593243,1966519,"여행코스,추천코스",,[]
,경기 안성 문화관광 1일 코스,,,37.0112174698,127.2281695194,1960314,"여행코스,추천코스",,[]
,경기도 광주의 자연 속으로,,,37.4773711348,127.1871573389,1967350,"여행코스,추천코스",,[]
,경기도 양주 현장학습 1일 코스,,,37.8363476659,126.9688558787,1960916,"여행코스,추천코스",,[]
,경복궁 북쪽마을 북촌 즐기기,,,37.576072552,126.9768042386,1952962,"여행코스,추천코스",,[]
,경북 군위의 특별한 체험,,,36.2724741904,128.439417961,1960312,"여행코스,추천코스",,[]
,경북 남부권을 여행하다,,,36.0886212034,128.3485506092,1948950,"여행코스,추천코스",,[]
,경산의 팔공산 갓바위에 오르다,,,35.9865761206,128.7397133654,1948980,"여행코스,추천코스",,[]
,경상도의 중심지였던 상주를 만나다,,,36.4311443978,128.1056625959,1871068,"여행코스,추천코스",,[]
,경원선 철길따라 연천여행,,,38.101640823,127.0739135774,2568652,"여행코스,추천코스",,[]
,경의선 타고 평양여행을 꿈꾸다,,,37.8903900312,126.7402169396,2568627,"여행코스,추천코스",,[]
,경주 못지 않은 문화재의 보고,,,35.54574108,128.5050462288,2514311,"여행코스,추천코스",,[]
,경주 최고의 문화유산을 만나다,,,35.7893956579,129.3330446288,1854218,"여행코스,추천코스",,[]
,경주의 보물을 만나는 길,,,35.8073108096,129.2128629747,1945387,"여행코스,추천코스",,[]
,경포호를 따라 조선시대를 만나다,,,0.0,0.0,1852913,"여행코스,추천코스",,[]
,계곡미가 빼어난 가평의 단풍 명소,,,37.9356678129,127.48895825,2037277,"여행코스,추천코스",,[]
,"계곡에서 탁족을 즐기고, 와인 한 잔에 역사를 음미하다",,,35.8512758141,127.7267788434,1865551,"여행코스,추천코스",,[]
,계곡을 오르며 물이 되고 숲을 거닐며 한그루 나무가 되다,,,37.5502169048,127.570992612,1887690,"여행코스,추천코스",,[]
,계룡산에서 즐기는 도예체험,,,36.3892304165,127.2160876548,1854246,"여행코스,추천코스",,[]
,"계백장군에서 왕건까지, 백제부터 고려의 시간을 만나다",,,36.2407393076,127.2294154557,1889476,"여행코스,추천코스",,[]
,고구려 역사 되짚어보는 역사기행,,,37.580510921,127.130867855,1874868,"여행코스,추천코스",,[]
,고구려 온달 장군의 자취를 찾아서,,,37.0032951343,128.3837325012,1854557,"여행코스,추천코스",,[]
,고구려의 역사가 깃든 충주로 떠나는 역사 여행,,,37.0460026654,127.857678471,2011639,"여행코스,추천코스",,[]
,고구려의 옛 흔적을 만나다,,,38.010390178,127.063197773,1869407,"여행코스,추천코스",,[]
,고려시대부터 조선시대의 역사체험,,,37.7487825943,126.4858053712,1886018,"여행코스,추천코스",,[]
,고려와 조선을 잇는 나주 역사 기행,,,35.0334536546,126.7113842427,1854612,"여행코스,추천코스",,[]
,고려와 조선의 역사 현장을 가다,,,34.5660078841,126.3024094318,1886060,"여행코스,추천코스",,[]
,고산 윤선도의 이상향을 만나다,,,34.1581136144,126.5794169459,1885610,"여행코스,추천코스",,[]
,"고성, 보랏빛 향기따라 왕곡마을과 하늬라벤더팜",,,38.3402259423,128.5001537656,2569553,"여행코스,추천코스",,[]
,"고성, 생태의 보물창고, ‘소똥령마을’",,,38.331630176,128.3802760671,2569693,"여행코스,추천코스",,[]
,"고성, 시원하게 통일 ‘막국수’ 힐링 여행",,,38.4659267111,128.4370555716,2569741,"여행코스,추천코스",,[]
,고성에서 인제로 가는 체험여행,,,38.5850421467,128.3756379856,1968096,"여행코스,추천코스",,[]
,고성의 독특한 전통문화를 즐기다,,,38.2266414284,128.4728486874,1853384,"여행코스,추천코스",,[]
,고양시의 한적한 능원과 행주산성 유적지를 거닐다,,,37.5962397318,126.8260146446,1960698,"여행코스,추천코스",,[]
,"고운사 숲길도 걷고, 애플와인 체험도 하고",,,36.458639339,128.7501073295,1875574,"여행코스,추천코스",,[]
,고즈넉한 쉼이 흐르는 안동 1박2일 여행 코스.,,,0.0,0.0,2826888,"여행코스,추천코스",,[]
,고즈넉한 영광을 둘러볼 수 있는 1박2일 여행 코스,,,0.0,0.0,2825989,"여행코스,추천코스",,[]
,고추장 익는 마을코스 [웰촌],,,35.4860815849,127.1176646547,2382589,"여행코스,추천코스",,[]
,고풍스러움이 흐르는 북촌,,,37.57853359,126.9886864194,1920563,"여행코스,추천코스",,[]
,고흥의 문화유적 코스 1,,,34.6042442945,127.250080778,1966520,"여행코스,추천코스",,[]
,고흥의 문화유적 코스 2,,,34.4853368106,127.3348124121,1966522,"여행코스,추천코스",,[]
,곤도라를 타고 오르는 덕유산 향적봉,,,35.8919603707,127.7429735364,1865179,"여행코스,추천코스",,[]
,"골 깊은 정선 땅, 정이 넘치는 곳",,,37.4975387802,128.8490371486,2361072,"여행코스,추천코스",,[]
,곰 여인의 전설이 강물 되어 흐르네,,,36.5577741587,127.0117431152,2037011,"여행코스,추천코스",,[]
,곰사당에서 듣는 백제 이야기,,,36.4630814825,127.1262798251,1854485,"여행코스,추천코스",,[]
,공룡발자국에서 전통마을까지 의성에서 즐기는 역사여행,,,36.2852469705,128.6968892377,1875578,"여행코스,추천코스",,[]
,공룡의 시대를 찾아 떠나는 모험,,,34.7418705464,127.7367486187,1874783,"여행코스,추천코스",,[]
,공항철도 타고 떠나는 용유도 여행,,,37.4168533369,126.4147877278,1945733,"여행코스,추천코스",,[]
,과거급제를 꿈꾸던 청년 이순신이 살던 그곳에서 놀기,,,36.8056015727,127.0321512148,1937588,"여행코스,추천코스",,[]
,과거로 돌아가 잠시 삶의 쉼표를 찍어보는 영주 여행,경상북도 영주시 영주동 337-20,,36.826031081,128.622907975,2788286,"여행코스,추천코스",,[]
,과거와 현재의 시간이 겹쳐진 부암동길,,,37.5711257558,126.9685023578,1952975,"여행코스,추천코스",,[]
,과천의 아름다움을 보았는가...,,,37.4361668563,126.9923289981,1967840,"여행코스,추천코스",,[]
,과학관과 문화원에서 대구에 대해 알아보기,,,35.6882159398,128.4655208035,1978180,"여행코스,추천코스",,[]
,관광두레와 함께하는 포천 여행 코스,경기도 포천시 영북면 산정호수로 130,,38.0729841938,127.2875587267,2785765,"여행코스,추천코스",,[]
,관람과 체험을 함께 즐기는 이천 체험여행,,,37.2753960345,127.4235583102,1997061,"여행코스,추천코스",,[]
,광명의 종합문화공간과 식물원에서 꽃구경하기,,,37.466880111,126.8452970759,2514016,"여행코스,추천코스",,[]
,광주 서구 8경 중 4경을 찾아 떠나는 여행,,,35.1207264135,126.8338490284,2011494,"여행코스,추천코스",,[]
,광주의 예술가거리와 번화한 금남로,,,35.1860968451,127.0002465691,1978372,"여행코스,추천코스",,[]
,"광주하계유니버시아드 주경기장을 중심으로 가족, 연인과 함께하는 여행",,,35.1335701018,126.8750478428,2011491,"여행코스,추천코스",,[]
,괴산의 자연과 한지체험 코스,,,36.7601185421,127.8400770651,1938440,"여행코스,추천코스",,[]
,구불구불 고개 너머 만나는 계곡과 휴양림,,,36.1185095452,127.8946566989,1854604,"여행코스,추천코스",,[]
,구불구불 서해안 바닷길 여행,,,37.1870619226,126.6515891206,2515714,"여행코스,추천코스",,[]
,구석기의 역사를 살펴보는 연천 여행 [웰촌],,,37.9929256605,127.0692282835,2530535,"여행코스,추천코스",,[]
,"국도 17호선, 섬진강 따라 사계를 달리다!",,,0.0,0.0,2717308,"여행코스,추천코스",,[]
,"국도 34호선, 고즈넉한 오십천 드라이브스루!",,,0.0,0.0,2717309,"여행코스,추천코스",,[]
,"국도 35호선, 선비의 마음으로 비경을 여유롭게 품다!",,,0.0,0.0,2717310,"여행코스,추천코스",,[]
,"국도 37호선, 금강 물줄기 따라 향수에 젖다!",,,0.0,0.0,2717311,"여행코스,추천코스",,[]
,"국립공원의 막내, 무등산을 오르다",,,35.128700037,126.9701895569,1888896,"여행코스,추천코스",,[]
,국립현충원과 대전의 문화유산을 살펴볼 기회,,,36.337157932,127.3355089264,1978169,"여행코스,추천코스",,[]
,국제시장을 기웃거리다,,,35.0982648295,129.028146057,1942576,"여행코스,추천코스",,[]
,국토 정중앙에서 동족상잔의 비극을 만나다,,,38.069023514,128.0296438648,1853824,"여행코스,추천코스",,[]
,국토의 정중앙에서 만나는 청정자연의 향연,,,38.1068766983,127.9906351578,2361032,"여행코스,추천코스",,[]
,군산역사문화탐방 시간여행,,,35.9587417615,126.7958894224,2371989,"여행코스,추천코스",,[]
,군산의 명물 먹거리 여행,,,35.9901671446,126.7032829996,2036096,"여행코스,추천코스",,[]
,군산의 은파관광단지에서 즐기는 군산여행,,,35.9748519236,126.6855377608,2017899,"여행코스,추천코스",,[]
,굴비의 참맛을 느껴보는 여행,,,35.3607816351,126.445321954,1885567,"여행코스,추천코스",,[]
,굽이치는 한탄강의 절경을 만나다,,,38.1401770847,127.3277141782,1855153,"여행코스,추천코스",,[]
,궁의 북쪽 자하문 돌아보기,,,37.5801859611,126.9767235747,1952978,"여행코스,추천코스",,[]
,그 길에서 위안을 얻다,,,37.6925484836,128.5035845424,1871398,"여행코스,추천코스",,[]
,그때를 아시나요? 고대부터 미래까지 시간여행,,,37.4738193767,126.598352733,2360808,"여행코스,추천코스",,[]
,근대와 현대를 넘나드는 100년의 시간여행,,,35.181720397,126.8855651524,2361008,"여행코스,추천코스",,[]
,근현대를 넘나드는 100년 여행,,,35.1382980355,126.9158941142,2358008,"여행코스,추천코스",,[]
,금강 따라 도는 물의 여정,,,36.2594042162,127.5641017259,1941551,"여행코스,추천코스",,[]
,금강과 갈대밭의 '광활' 속으로,,,36.0683025926,126.860800209,2514411,"여행코스,추천코스",,[]
,금강따라 즐기는 자연주의여행,,,36.0228140848,126.7423314377,1889549,"여행코스,추천코스",,[]
,금강산 가는 길목 비밀의 계곡,,,38.2277624636,127.9833265901,2351094,"여행코스,추천코스",,[]
,금강송과 동굴을 찾아가는 자연주의 여행,,,37.4442597832,129.0423047744,1853412,"여행코스,추천코스",,[]
,"금계포란형, 닭실마을의 풍수지리를 들여다 보자!",,,36.9049520746,128.7420200393,1856071,"여행코스,추천코스",,[]
,금빛 물결 너머 가슴 푸근한 풍경,,,36.3150731793,127.582165263,2047558,"여행코스,추천코스",,[]
,금빛 원숭이가 뛰놀던 산을 오르다,,,35.7312178207,127.7608429311,1853970,"여행코스,추천코스",,[]
,금빛까마귀가 살고 있는 금오산을 올라보자,,,36.1125067252,128.312997536,1855884,"여행코스,추천코스",,[]
,금산의 인삼을 맛보다,,,36.1374586362,127.3416665299,1927604,"여행코스,추천코스",,[]
,금성산과 신비한 빙계계곡을 걷다,,,36.2550362743,128.6838718063,1944360,"여행코스,추천코스",,[]
,"기암절벽에 피어난 단풍따라, 깊은 계곡 따라",,,35.6211089751,129.0324034715,2037283,"여행코스,추천코스",,[]
,기장 앞바다를 보며 힐링,,,35.2245100025,129.2308555185,1922520,"여행코스,추천코스",,[]
,"기장 죽성리해안도로, 길 따라 해안풍경이 넉넉하다!",,,0.0,0.0,2717300,"여행코스,추천코스",,[]
,기차 타고 만나는 세계 5대 기후대,,,36.0297102165,126.7246689502,2047526,"여행코스,추천코스",,[]
,김광석 노래 부르며 별미체험,,,35.8718724712,128.5911185587,2037572,"여행코스,추천코스",,[]
,김천의 산천 수도산과 청암사에 여름여행을 떠나다,,,35.8855467398,128.0266874645,1943383,"여행코스,추천코스",,[]
,김천의 아름다운 절경과 전통문화를 찾아 떠나다,,,36.115156327,128.0028416282,1943363,"여행코스,추천코스",,[]
,김해 가락국의 왕과 비가 잠들어 있는 이곳을 찾아서,,,35.2445817707,128.877307982,1908056,"여행코스,추천코스",,[]
,김해 전통문화와 대성동고분박물관 여행,,,35.2351272956,128.8783664803,1908065,"여행코스,추천코스",,[]
,"깊은 산, 계곡으로 탐험여행 간다",강원특별자치도 평창군 미탄면 동막골길 122,,37.3139915832,128.4707572069,2672836,"여행코스,추천코스",,[]
,꼬부랑길 벽화 마을의 숨은 간식 여행,,,35.2077664004,128.5696552845,2022051,"여행코스,추천코스",,[]
,꼼꼼하게 둘러보는 전주 한옥마을과 주변 명소들,,,35.8137060365,127.1486672969,1874106,"여행코스,추천코스",,[]
,"꽃, 그리고 물속 생물들과 함께 조용한 사색을...",,,37.6563843669,126.7618826961,1917213,"여행코스,추천코스",,[]
,꽃과 나무가 반기는 길,,,34.7595254511,126.8347356533,2519150,"여행코스,추천코스",,[]
,끝은 또 다른 시작 해남發 희망버스!,,,34.5512564337,126.6225204875,2371970,"여행코스,추천코스",,[]
,나홀로 천천히 떠나는 여행,,,34.7616022092,126.6200989565,2393466,"여행코스,추천코스",,[]
,날 좀 보소 날 좀 보소! 버스 좀 타보소!,,,35.4915656533,128.7551396716,2364116,"여행코스,추천코스",,[]
,남는 건 사진뿐! 포천 사진 여행,,,37.9573427975,127.1720532384,2569546,"여행코스,추천코스",,[]
,남도에서 만나는 '우리 것',,,34.5120083246,126.8071218795,2514080,"여행코스,추천코스",,[]
,남도의 풍류에 젖어드는 진도 의신사천마을 (웰촌),,,34.5160973992,126.3380074769,2434014,"여행코스,추천코스",,[]
,"남면해안도로, 해안절벽 위를 훨훨 달리다!",,,0.0,0.0,2717297,"여행코스,추천코스",,[]
,남명 조식선생의 흔적을 따라서,,,35.3896185939,127.9751386698,1855637,"여행코스,추천코스",,[]
,남산 자락 딸각발이를 만나러 가는 길,,,37.5581224015,127.0069353346,1951266,"여행코스,추천코스",,[]
,남산을 중심으로 문화놀이,,,37.5591248302,126.9940059289,1921815,"여행코스,추천코스",,[]
,남양주 친환경 순례,,,37.7522777557,127.3217677476,1874880,"여행코스,추천코스",,[]
,남양주시의 이색박물관 모음코스,,,37.6504951888,127.3242315783,2363035,"여행코스,추천코스",,[]
,남양주의 유네스코 세계유산지 산책,,,37.7580762441,127.2759606441,2363032,"여행코스,추천코스",,[]
,"남파랑길(고성,통영 구간)",,,0.0,0.0,2804862,"여행코스,추천코스",,[]
,남파랑길(남해 구간),,,0.0,0.0,2807090,"여행코스,추천코스",,[]
,남파랑길(여수 구간),,,0.0,0.0,2804863,"여행코스,추천코스",,[]
,"남파랑길(해남, 강진 구간)",,,0.0,0.0,2802948,"여행코스,추천코스",,[]
,남한강을 따라 만나는 역사의 향기,,,37.1323229682,127.84097472,1887382,"여행코스,추천코스",,[]
,남한강을 따라 흩어진 역사의 향기,,,37.3060263378,127.6038994562,1887698,"여행코스,추천코스",,[]
,남해바다 바라보며 즐기는 캠핑여행,,,34.9085286111,128.1529746177,1855371,"여행코스,추천코스",,[]
,남해에서 잡아 올린 월척 행복여행 [웰촌],,,34.7711838674,128.0515398133,2500378,"여행코스,추천코스",,[]
,남해의 바다를 보며 즐거운 체험 여행,,,34.9205362631,128.0332736552,1967827,"여행코스,추천코스",,[]
,남해의푸른 바다와 산을 만나다.,,,34.7408149906,128.0485825206,1967835,"여행코스,추천코스",,[]
,낭만은 짜릿하다! 낭만과 스릴을 동시에 만나는 드라이브 코스,강원특별자치도 화천군 호음로 1293,,38.1306706374,127.8165586479,2987535,"여행코스,추천코스",,[]
,낮에 보아도 밤에 보아도 아름다운 남원 1박2일 코스,,,0.0,0.0,2822525,"여행코스,추천코스",,[]
,"낮이 좋아? 밤이 좋아? 서울의 주경, 야경 여행코스",,,37.5759947835,126.9768292386,2022929,"여행코스,추천코스",,[]
,"낯설지만 익숙한, 세종시의 숨겨진 힐링 포인트",,,36.6720645155,127.209205588,2402720,"여행코스,추천코스",,[]
,"내 아이와 함께, 시골 겨울나기",,,35.557741622,128.4566390415,2515783,"여행코스,추천코스",,[]
,내성천 물길이 만들어내는 아름다운 풍경을 만나다,,,36.5633161777,128.2982083776,1871116,"여행코스,추천코스",,[]
,내장산 오색단풍길,,,0.0,0.0,2716750,"여행코스,추천코스",,[]
,내장산의 단풍과 동학혁명의 뜨거운 열망이 타는 정읍,,,35.630493611,126.8301364886,2371950,"여행코스,추천코스",,[]
,너무 아름다운 뷰! 뷰! 뷰! 멋진 전망만 쏙 골라 놓은 코스,인천광역시 강화군 마니산로675번길 18 마니산관리사무소,,37.6325117278,126.4238087338,2987537,"여행코스,추천코스",,[]
,너무도 유명한 안동 하회마을 여행 코스,,,36.5808745081,128.5549628011,1943392,"여행코스,추천코스",,[]
,노란 산수유꽃 가득한 포근한 봄여행,,,35.3359854716,127.4849693764,1885232,"여행코스,추천코스",,[]
,노을이 머무는 서해안의 진경,,,36.601370331,126.4396407327,1938175,"여행코스,추천코스",,[]
,녹색의 에너지 체험과 광주의 유적지 탐방,,,35.2264646491,126.8446232093,1978379,"여행코스,추천코스",,[]
,놀거리 볼거리 많은 장흥에서의 캠핑,,,37.6952590116,126.9947186622,1921492,"여행코스,추천코스",,[]
,놀멍쉬멍 제주 바다 구경떠나기,,,33.5180620158,126.5460485461,2372024,"여행코스,추천코스",,[]
,농촌체험마을과 캠핑을 동시에 즐기다!,,,37.8316512926,127.2912626688,1873261,"여행코스,추천코스",,[]
,누구나 가기 좋은 익산 나들이 코스,전북특별자치도 익산시 호반로 8 보석박물관,,35.99032124,127.1029417,2932734,"여행코스,추천코스",,[]
,눈으로 보고 마음으로 느끼는 경주 미술·박물관 여행,,,35.8125237475,129.1936228454,2006523,"여행코스,추천코스",,[]
,"늙은 소나무가 들려주는 삶의 지혜, 울진에서 힐링해 보자",,,36.9917161844,129.2704176242,1948716,"여행코스,추천코스",,[]
,다산의 발길 따라 걸어볼까?,,,34.5790970174,126.7462311628,1856925,"여행코스,추천코스",,[]
,다산이 사랑한 쉼터,,,34.7420418408,126.6999035095,2515316,"여행코스,추천코스",,[]
,다양한 체험과 이국적인 정취를 느낄 수 있는 평택 여행코스,,,36.9511050656,126.9215350009,2018433,"여행코스,추천코스",,[]
,다양한 체험을 즐기는 뉴트로 강릉 여행!,강원특별자치도 강릉시 종합운동장길 32,,37.7737771598,128.8925858597,2628999,"여행코스,추천코스",,[]
,다양한 체험을 할 수 있는 서천 1박2일 여행코스,,,0.0,0.0,2867082,"여행코스,추천코스",,[]
,다이나믹한 부산의 매력을 만나다,,,35.0968289267,129.0307014297,1889060,"여행코스,추천코스",,[]
,단군의 성전을 찾아서,,,35.2385634197,127.6608508474,2515793,"여행코스,추천코스",,[]
,단아한 부여의 아름다움에 빠지다,,,36.1907226272,126.9009795091,1916751,"여행코스,추천코스",,[]
,단종 유배를 따라가는 여행,,,37.206356078,128.4347802953,1854625,"여행코스,추천코스",,[]
,달(月)달(月)한 남원여행,전라북도 남원시 요천로 1447,,35.4033260295,127.3795324998,2786990,"여행코스,추천코스",,[]
,달천에 떠오른 8개 봉우리 수주팔봉 코스,,,36.9433485851,127.8997054068,1957825,"여행코스,추천코스",,[]
,담백한 올갱이국과 얼큰한 민물매운탕,,,36.8086065901,127.7946519924,2519149,"여행코스,추천코스",,[]
,담양 메타세쿼이아길,,,0.0,0.0,2716704,"여행코스,추천코스",,[]
,당일코스로 즐겨보는 익산 여행,전북특별자치도 익산시 금마면 미륵사지로 362,,36.01155086,127.0286145,2686563,"여행코스,추천코스",,[]
,"대가야문화를 벗삼은 산행, 고령의 등산 코스",,,35.7018190201,128.2613384112,1967422,"여행코스,추천코스",,[]
,"대게의 고장, 영덕대게로를 따라 바다를 즐기다",,,36.3592989277,129.3900036722,1871095,"여행코스,추천코스",,[]
,대구 남구 1박 2일 코스,대구광역시 남구 앞산순환로 574-116,,35.822525175,128.5855065357,2774376,"여행코스,추천코스",,[]
,대구 문화체험 코스,,,35.9426126151,128.641626022,1921843,"여행코스,추천코스",,[]
,대구 서부시장의 구석구석 맛집을 찾아,,,35.867545067,128.5848109015,2390799,"여행코스,추천코스",,[]
,대구에 있는 놀이터와 동네 구석구석 찾기,,,35.8522520064,128.5659768748,1978191,"여행코스,추천코스",,[]
,대구의 멋과 맛을 동시에 즐길 수 있는 하루,,,35.7914905714,128.6275675843,1873337,"여행코스,추천코스",,[]
,대구의 분지의 중부평야의 유적을 찾아서,,,35.8400012322,128.7497082649,1948987,"여행코스,추천코스",,[]
,"대구의 역사, 멋, 맛 모든 것을 다 담은 여행",대구광역시 중구 경상감영길 99,,35.872086358,128.5923156699,2677755,"여행코스,추천코스",,[]
,대구의 자연을 품은 팔공산에 오르다.,,,35.9865761206,128.7397133654,2360858,"여행코스,추천코스",,[]
,대구의 핫플레이스를 둘러보는 1박2일 여행 코스,,,0.0,0.0,2823807,"여행코스,추천코스",,[]
,대나무 숲에서 즐기는 캠핑여행,,,35.3241726495,126.9852360746,1885239,"여행코스,추천코스",,[]
,대나무 울창한 아홉산 숲으로,,,35.2046146711,129.2127159794,2385685,"여행코스,추천코스",,[]
,대부도에서 바다의 매력에 빠져보자!,,,37.2212077334,126.6383171691,1887440,"여행코스,추천코스",,[]
,대전 중구의 젊은 거리에서 옛터민속박물관까지,,,36.3321380389,127.4344279952,1978173,"여행코스,추천코스",,[]
,대전의 문화와 역사를 만나고 즐기는 체험 여행,,,36.3892304165,127.2160876548,1927995,"여행코스,추천코스",,[]
,대전의 시민 문화를 찾아 떠나는 여행,,,36.3665776799,127.3858064079,1928006,"여행코스,추천코스",,[]
,대전의 역사를 찾아가는 길,,,36.6756755245,127.2268233496,1928035,"여행코스,추천코스",,[]
,대전의 유교문화와 자신의 성씨 알 수 있는 효친 사상,,,36.2771825604,127.3978049793,1978170,"여행코스,추천코스",,[]
,대전의 즐거운 공부나들이 코스,,,36.3677943249,127.3924057841,2384827,"여행코스,추천코스",,[]
,대통령의 별장을 거닐다,,,36.4629879731,127.4915415396,1887361,"여행코스,추천코스",,[]
,대포항에서 혼자 하는 여행,,,38.1728863661,128.6051577847,1920420,"여행코스,추천코스",,[]
,대한민국 대표 강줄기의 발원지를 따라,,,37.0944777331,129.0405544388,1871368,"여행코스,추천코스",,[]
,대한민국 항구1번지 목포로 오시오!,,,34.7924363283,126.3721867588,2365380,"여행코스,추천코스",,[]
,"더운 여름, 김해의 계곡에서 놀아보자",,,35.1853643277,128.7755406911,1908277,"여행코스,추천코스",,[]
,덕유산 너른 풍에서 하룻밤,,,35.9007210596,127.7751204501,2037271,"여행코스,추천코스",,[]
,도란도란 수다가 모이는 청정계곡,,,36.6516975331,127.8339862166,2514461,"여행코스,추천코스",,[]
,도보로 즐기는 신라의 여름밤,,,35.8346939478,129.2190922049,2049286,"여행코스,추천코스",,[]
,"도시, 섬, 항구가 어우러진 바다의 야경",,,35.2071082341,128.5748020743,2350083,"여행코스,추천코스",,[]
,도시의 고풍스러운 정취를 즐기다,,,37.5745534411,126.9855423744,1915423,"여행코스,추천코스",,[]
,도시의 자연 속에서 휴식을 취하다,대전광역시 동구 천개동로 41,,36.3733645281,127.4708541727,2605958,"여행코스,추천코스",,[]
,도심 속 지친 사람들의 여유 충전 코스 [웰촌],,,36.015574799,126.6708019153,2380929,"여행코스,추천코스",,[]
,도심에서 만나는 휴식 같은 풍경,,,35.8678811943,128.5877717426,1873292,"여행코스,추천코스",,[]
,도심에서 즐기는 오붓한 자연과 책의 대화,,,37.4341881202,127.0809904354,1887396,"여행코스,추천코스",,[]
,"도자기 굽고 쌀밥 먹고, 이천의 진수를 보다",,,37.2767403207,127.4234055082,2515531,"여행코스,추천코스",,[]
,"도자기와 쌀, 온천을 모두 만나는 건강힐링여행",,,37.3271846986,127.4351252324,1869579,"여행코스,추천코스",,[]
,독립운동의 큰별을 만나다,,,36.5973587493,126.5470005898,1889823,"여행코스,추천코스",,[]
,동광리농촌체험휴양마을 체험 코스 [웰촌],,,33.3254009536,126.2551753838,2389114,"여행코스,추천코스",,[]
,동굴과 해안 포구가 빚어내는 환상의 앙상블,,,37.4745058135,129.1597155498,2361009,"여행코스,추천코스",,[]
,동대문 주변에서 만나는 역사의 현장,,,37.5760366281,126.9869922,1886054,"여행코스,추천코스",,[]
,동대문 투어하기,,,37.5704793121,127.0076821392,1915680,"여행코스,추천코스",,[]
,동물 좋아하는 아이는 다 모여라!,,,37.0357747059,127.1699685382,2514026,"여행코스,추천코스",,[]
,동물체험 농장과  신명 넘치는 우리 문화의 매력을 만나다,,,37.0406483163,127.2788641206,1887633,"여행코스,추천코스",,[]
,동서양의 문화를 모두 즐기는 여행,,,36.1580416141,127.6106475523,1854606,"여행코스,추천코스",,[]
,동심에 젖는 봄,,,37.262207672,126.7470561531,2515665,"여행코스,추천코스",,[]
,동의보감 간행 400주년 기념 산청세계전통의학엑스포가 열린 곳,,,35.4397658786,127.8279364158,2385677,"여행코스,추천코스",,[]
,동해바다를 굽어보는 강릉 7번 국도 여행,,,0.0,0.0,1852918,"여행코스,추천코스",,[]
,"동해안일주해안도로(강릉), 등뼈를 타고 달리다!",,,0.0,0.0,2717126,"여행코스,추천코스",,[]
,"동해안일주해안도로(동해), 등뼈를 타고 달리다!",,,0.0,0.0,2717128,"여행코스,추천코스",,[]
,"동해안일주해안도로(삼척), 등뼈를 타고 달리다!",,,0.0,0.0,2717129,"여행코스,추천코스",,[]
,"동해안일주해안도로(속초), 등뼈를 타고 달리다!",,,0.0,0.0,2717121,"여행코스,추천코스",,[]
,"동해안일주해안도로(양양), 등뼈를 타고 달리다!",,,0.0,0.0,2717122,"여행코스,추천코스",,[]
,"동해안일주해안도로(영덕), 등뼈를 타고 달리다!",,,0.0,0.0,2717140,"여행코스,추천코스",,[]
,"동해안일주해안도로(울진), 등뼈를 타고 달리다!",,,0.0,0.0,2717148,"여행코스,추천코스",,[]
,"동해안일주해안도로(포항), 등뼈를 타고 달리다!",,,0.0,0.0,2717149,"여행코스,추천코스",,[]
,동해의 바다낚시 코스,,,37.5922547579,129.0896126454,2513999,"여행코스,추천코스",,[]
,동화같은 사천 여행,경상남도 사천시 사남면 공단1로 108,,35.070944919,128.063478201,2663433,"여행코스,추천코스",,[]
,두 발로 즐기는 강촌 철길 여행!,강원특별자치도 춘천시 남산면 남이섬길 1,,37.790179879,127.5261480243,2672345,"여행코스,추천코스",,[]
,드라마 촬영지로 떠나는 낭만여행,,,37.8182098134,127.5186423306,2012010,"여행코스,추천코스",,[]
,들꽃 속으로 떠나는 두물머리 양평여행,,,37.5332142185,127.316296785,1920535,"여행코스,추천코스",,[]
,땅굴 속의 찬바람 보령시 냉풍욕장에서 시원한 여름을~,,,36.3770472975,126.6702397511,2017501,"여행코스,추천코스",,[]
,땅끝에서 즐기는 캠핑여행,,,34.5514536407,126.6229537784,1886072,"여행코스,추천코스",,[]
,뗏목 타고 피라미 잡으며 더위사냥,,,35.0588999517,127.9572739316,2357713,"여행코스,추천코스",,[]
,뙤약볕이 두렵지 않은 조개 캐기 삼매경,,,35.5247678098,126.5654405049,2357736,"여행코스,추천코스",,[]
,뚜벅뚜벅 두발로 떠나는 통영 속살 여행,,,34.8442350767,128.4243304089,1892285,"여행코스,추천코스",,[]
,레트로 핫플레이스부터 최신 핫플레이스까지 뜨거운 핫 코스,인천광역시 강화군 교동남로 35,,37.7805447369,126.2810593845,2987551,"여행코스,추천코스",,[]
,레포츠를 통해 스트레스를 날릴 수 있는 캠핑 [웰촌],,,34.7770798345,128.6430659269,2393102,"여행코스,추천코스",,[]
,마니산에서 즐기는 캠핑여행,,,37.7029259337,126.4347557746,1886033,"여행코스,추천코스",,[]
,마을과 인물을 만나 따뜻한 시간을 보내다,,,36.8056015727,127.0321512148,1889565,"여행코스,추천코스",,[]
,마음을 평화롭게 하는 길,,,37.2788706826,127.4263051848,2514055,"여행코스,추천코스",,[]
,"마음이 포근해지는 역사와 예술의 도시, 완주여행",전북특별자치도 완주군 삼례읍 삼례역로 81-13,,35.90628574,127.0662555,2679575,"여행코스,추천코스",,[]
,마이산을 걷다,,,35.7640579554,127.4129951099,1874156,"여행코스,추천코스",,[]
,마치 야간 비행에 나선 비행사가 된 기분,,,35.8522520064,128.5659768748,2050398,"여행코스,추천코스",,[]
,막걸리를 좋아하는 소나무를 찾아서,,,36.7271649359,128.4919475242,1944431,"여행코스,추천코스",,[]
,만물의 생동을 느끼는 산행,,,35.9861624485,128.5991146633,2519121,"여행코스,추천코스",,[]
,"만세토록 허물어지지 않을 산, 두륜산과 대흥사를 가다",,,34.4768230174,126.6166755634,1886063,"여행코스,추천코스",,[]
,맑고 깨끗한 삼척의 바다를 즐기다,,,37.3230642108,129.2662412377,1853434,"여행코스,추천코스",,[]
,맑은 물이 있는 둔율올갱이마을 캠핑 [웰촌],,,36.7855743872,128.0151828826,2392993,"여행코스,추천코스",,[]
,맛있는 먹을거리와 트랜드를 동시에 즐기기,,,37.4802315449,126.8569178652,2514017,"여행코스,추천코스",,[]
,맛있는 부산의 남항시장 탐방,,,35.0955680697,129.0368537062,2393457,"여행코스,추천코스",,[]
,먹고~ 사고~ 즐기고~ 군산 쓰리고 여행!,,,35.9782103895,126.7157655256,2371988,"여행코스,추천코스",,[]
,멈춰 쉬고 싶은 곳 충주호 코스,,,36.9883156271,127.8992958255,1959200,"여행코스,추천코스",,[]
,메밀꽃 필 무렵이면 효석문화제가 열린다,강원특별자치도 평창군 봉평면 이효석길 33-11,,37.6107996472,128.3599971952,2672809,"여행코스,추천코스",,[]
,메밀밭에서 '도깨비 신부' 되어볼까,,,35.376084318,126.5436350556,2514468,"여행코스,추천코스",,[]
,명동에서 이태원까지 서울의 낭만을...,,,37.5635547287,126.9860954133,1951234,"여행코스,추천코스",,[]
,모악산 아래 4대 종교성지를 둘러보다,,,35.7453176111,127.0470447876,1857250,"여행코스,추천코스",,[]
,목장 체험은 여주에서~,,,37.211781975,127.6204923232,2029079,"여행코스,추천코스",,[]
,목포 야시장과 수산물 시장에서 북적이는 하루,,,34.7875954991,126.3900352979,2393547,"여행코스,추천코스",,[]
,목포의 방학여행 코스,,,34.7819100093,126.3888799812,2393500,"여행코스,추천코스",,[]
,"목포의 역사와 문화, 자연, 예술을 고루 맛보다",,,34.7923399953,126.4257848037,1874182,"여행코스,추천코스",,[]
,몸과 마음을 깨우는 소요산 등반코스,,,37.9465116356,127.0693157325,1874922,"여행코스,추천코스",,[]
,몸과 마음을 녹여주는 따뜻한 곳으로의 초대,,,36.7833563405,126.9997575213,2372004,"여행코스,추천코스",,[]
,몸과 마음을 치유하는 에코 테라피,,,33.4877168118,126.8088597525,1855198,"여행코스,추천코스",,[]
,"몸과 마음의 건강한 조화, 세상과 내가 아름답게 조우하는 웰니스 코스",인천광역시 옹진군 굴업로 39,,37.1912609926,125.9830110242,2987545,"여행코스,추천코스",,[]
,몸과 마음이 즐거운 녹차 테마 투어,,,34.961427204,127.1328210732,1874329,"여행코스,추천코스",,[]
,몸에 좋은 것을 누리고 생각을 맑게 한다,,,37.0654469078,127.3596061344,1887610,"여행코스,추천코스",,[]
,"무더운 여름, 시원하게 즐기는 레저여행",,,37.4267712399,126.8655630201,2020930,"여행코스,추천코스",,[]
,"무더위, 시원한 동해에서 날려볼까요?",강원특별자치도 동해시 동굴로 50,,37.5175721116,129.1105047434,2663636,"여행코스,추천코스",,[]
,무더위도 쉬어가는 얼음골 나들이,,,35.5947806849,128.9948019426,2515768,"여행코스,추천코스",,[]
,무더위에 cool한 동굴 속 피서,,,37.4396391246,126.8618741068,2515445,"여행코스,추천코스",,[]
,무릉도원에서 즐기는 시원한 하루,,,37.4635625691,129.0142539189,1853396,"여행코스,추천코스",,[]
,무성한 나무숲 길의 힐링 산책,,,37.7506334957,127.1689595069,1921503,"여행코스,추천코스",,[]
,무엇을 상상하든 그 이상의 절경을 만나다.,,,35.1889652253,128.0768878142,2364126,"여행코스,추천코스",,[]
,무의도에서 즐기는 바다체험,,,37.4181837247,126.4140210951,1885994,"여행코스,추천코스",,[]
,무주 반딧불이가 사는 덕유산의 백련사 가는 길,,,36.0053042488,127.6550144025,1966891,"여행코스,추천코스",,[]
,무주의 여름방학 특집 체험지 코스,,,36.0228456386,127.7513442585,2389208,"여행코스,추천코스",,[]
,묵호등대 가는 길에 만나는 벽화,,,37.5940351283,129.0906513859,1853399,"여행코스,추천코스",,[]
,문경 생달리 마을에서 푸근한 전통 음식을 만들어보자,,,36.6539153324,128.0615463625,1960685,"여행코스,추천코스",,[]
,문경새재를 따라 기쁜 소식을 들어볼까?,,,36.7616032758,128.0769947007,1856000,"여행코스,추천코스",,[]
,문학의 고장에서 만나는 문인의 향기,,,36.5588434278,129.1280903746,1871101,"여행코스,추천코스",,[]
,물 맑고 깨끗한 그 이름도 청도,,,35.6503972969,128.7305180043,1949306,"여행코스,추천코스",,[]
,"물길 따라 500리 마음 길 따라 1,000리",,,36.4751530236,127.4790506573,2046868,"여행코스,추천코스",,[]
,물길 따라가는 덕풍계곡 트레킹,,,37.1802985577,129.0466485278,1853416,"여행코스,추천코스",,[]
,물돌이 무섬마을과 외나무다리를 밟아보다,,,36.7311280411,128.6222024708,1950250,"여행코스,추천코스",,[]
,"물미해안도로, 미풍에 밀려 매혹적인 해안으로 빠져들다!",,,0.0,0.0,2717109,"여행코스,추천코스",,[]
,"물미해안도로, 바다를 바라보며 달리다",,,34.8341481396,128.0002121149,1855403,"여행코스,추천코스",,[]
,미술관과 아쿠아리움으로 떠나는 힐링 여행,,,37.5380968058,126.998894968,1915410,"여행코스,추천코스",,[]
,미술작품과 자연 속에서 즐기는 힐링 여행,,,38.2270042241,127.9836293634,1853825,"여행코스,추천코스",,[]
,민통선 안 최초의 예술 공간,,,38.1178956757,126.9871210688,2569536,"여행코스,추천코스",,[]
,바다 가운데 파라다이스 외도 보타니아에 가다.,,,0.0,0.0,2394434,"여행코스,추천코스",,[]
,바다 위와 바다 속을 달리다.,,,35.0921931932,128.7193731055,2037380,"여행코스,추천코스",,[]
,바다 진미와 서해안 절경을 함께하다,,,36.487636453,126.6165583317,1938178,"여행코스,추천코스",,[]
,"바다, 항구, 문화, 예술을 품은 카멜레온의 도시",,,35.3138508505,128.6753431777,2364608,"여행코스,추천코스",,[]
,바다따라 이어지는 충청 체험 여행,,,36.8905770137,126.8247426289,1937599,"여행코스,추천코스",,[]
,바다를 호령하던 장보고의 흔적을 가다,,,34.3576900512,126.6724790651,1885614,"여행코스,추천코스",,[]
,바다에 커피향이 은은하니 내 마음은 두근두근,강원특별자치도 강릉시 구정면 현천길 25,,37.6961389027,128.8918883204,2672249,"여행코스,추천코스",,[]
,바다와 목장에서 즐기는 가족체험,,,36.8905770137,126.8247426289,1889501,"여행코스,추천코스",,[]
,"바다와 바람, 자연체험여행의 보물창고",,,36.4898240179,129.443442328,2357553,"여행코스,추천코스",,[]
,바다와 예술의 고을 통영에서 숨을 돌리다!,경상남도 통영시 국치1길 52-24,,34.8349299931,128.392472317,2722654,"여행코스,추천코스",,[]
,"바다와 풀밭이 맞닿은 푸른 세상 속으로, 제주 온평~표선 올레",,,33.404263672,126.9035617954,2381552,"여행코스,추천코스",,[]
,바다와 호수가 만들어준 멋진 드라이브 코스 1,경기도 안산시 상록구 석호로 144,,37.299305152,126.8476682021,2363217,"여행코스,추천코스",,[]
,바다와 호수가 아름다운 동해안 최북단 여행,,,38.4465127542,128.4598152167,1846297,"여행코스,추천코스",,[]
,바다의 용으로 다시 태어난 문무대왕을 찾아서,,,35.8030343852,129.4055767822,1853986,"여행코스,추천코스",,[]
,바닷가 풍경이 아름다운 곳에서 체험까지,,,36.1562530676,126.502671681,1938187,"여행코스,추천코스",,[]
,바닷길 걸으면 절로 힐링이 돼요,,,35.6624202687,126.4860135625,2381382,"여행코스,추천코스",,[]
,바라보고 들어서며 이어지는 여행 길,,,38.2263275434,128.4711488516,2569759,"여행코스,추천코스",,[]
,"바람 따라 길 따라, 고즈넉한 산책",,,35.5096812637,128.8085428295,2515773,"여행코스,추천코스",,[]
,바람 솔솔 부는 용굴촛대바위길따라 삼척의 깨끗함에 물들다!,강원특별자치도 삼척시 신기면 환선로 800,,37.3264090504,129.0212519227,2722479,"여행코스,추천코스",,[]
,바오밥나무 아래서 어린왕자 만나볼까?,,,37.0951998733,127.4063399677,1869491,"여행코스,추천코스",,[]
,"박물관에서 놀고, 자연에서 배우다",,,36.6388325203,127.3819548678,1939807,"여행코스,추천코스",,[]
,"박물관이 살아 숨쉰다, 볼 것 많은 증평에 오세요",,,36.6547271088,127.4918473444,1938454,"여행코스,추천코스",,[]
,반달가슴곰과 놀아보자!,,,36.6756755245,127.2268233496,1889333,"여행코스,추천코스",,[]
,반딧불이 아름다운 청정 무주에서 즐기기 [웰촌],,,35.9960244724,127.7950716586,2393105,"여행코스,추천코스",,[]
,반시로 만든 청도만의 와인 터널로 초대합니다,,,35.7135399852,128.7205560174,1949307,"여행코스,추천코스",,[]
,반짝반짝 작은 별 아름답게 비치네,,,35.2442542012,128.8866210672,2515746,"여행코스,추천코스",,[]
,밝고 청정한 영양의 산천을 찾아서,,,36.8033843977,129.098338559,1944425,"여행코스,추천코스",,[]
,밤의 열기 가득한 도시의 야경,,,36.3037493481,127.419221791,2050421,"여행코스,추천코스",,[]
,밤이 아름다운 산과 바다,,,34.7877703511,126.3821915424,2050465,"여행코스,추천코스",,[]
,방학에 즐기기 좋은 체험 여행지,,,37.5997678075,126.8656803698,2363014,"여행코스,추천코스",,[]
,배타고 드라이브하고 여수를 즐긴다!,,,34.7449679469,127.7670431134,1874773,"여행코스,추천코스",,[]
,백두대간 마구령과 고치령에서 즐기는 캠핑여행,,,36.9129117127,128.5657716439,1871105,"여행코스,추천코스",,[]
,백두대간이 숨겨놓은 숲과 계곡을 찾아서,,,38.0627908299,128.1717144581,2381551,"여행코스,추천코스",,[]
,백운산 숲에서 즐기는 치유의 캠핑여행,,,35.0779352741,127.7175444676,1885216,"여행코스,추천코스",,[]
,백운호수따라 즐기는 드라이브와 별미여행,,,37.3498771413,127.0078244581,1870085,"여행코스,추천코스",,[]
,백제 땅의 숨결을 느껴보다,,,36.2819800939,127.1314897789,1937655,"여행코스,추천코스",,[]
,백제 문화의 진향이 진하게 배어나는 곳,,,35.9482657035,126.9877281196,2371990,"여행코스,추천코스",,[]
,백제의 마지막 도읍을 걷다,,,36.2890144903,126.9202224087,1889535,"여행코스,추천코스",,[]
,백제의 숨결 가득한 역사 속으로,,,36.3664029859,127.245055121,1936020,"여행코스,추천코스",,[]
,버라이어티보다 더 버라이어티하게,,,36.4533050966,126.9834123585,1937648,"여행코스,추천코스",,[]
,버스로 떠나는 제2의 수학여행 양동마을 코스,,,35.9998926221,129.2546510266,2364616,"여행코스,추천코스",,[]
,벚꽃 잔치의 최고봉 봄날의 낭만에 취한다.,,,35.1650783803,128.6596235763,2044476,"여행코스,추천코스",,[]
,벚꽃 흩날리는 경포호를 걷다,강원특별자치도 강릉시 경포로 365,,37.7956108224,128.896568157,2672343,"여행코스,추천코스",,[]
,베스트 포토존 포항 여행 코스!,경상북도 포항시 남구 호미곶면 해맞이로150번길 20,,36.0778703554,129.5682795878,2659576,"여행코스,추천코스",,[]
,벽계계곡에서 즐기는 캠핑여행,,,35.3139272844,128.2949459289,1855677,"여행코스,추천코스",,[]
,변산반도 국립공원의 진면목을 만나다,,,35.719334559,126.7286377009,1865567,"여행코스,추천코스",,[]
,"변산반도해안도로, 파란 바다, 세월의 파도, 꿈틀대는 자연에 취하다!",,,0.0,0.0,2717301,"여행코스,추천코스",,[]
,변치 않는 사랑 이야기를 찾아 떠나는 남원여행 [웰촌],,,35.4031899362,127.3796713799,2519159,"여행코스,추천코스",,[]
,별빛을 연결해 준 영천 보현산 천문대,,,35.9918431212,128.7897032565,1948956,"여행코스,추천코스",,[]
,보고 느끼고 즐기는 여주 미술·박물관·체험 여행,,,37.3986434984,127.6091352068,1997025,"여행코스,추천코스",,[]
,보드라운 찻잎과 섬진강 벚굴 품은 하동,,,35.0644900741,127.7467589166,2515788,"여행코스,추천코스",,[]
,보령의 역사와 삶이 서린 항구를 찾아가다,,,36.4374905646,126.5205655217,1889512,"여행코스,추천코스",,[]
,보문사 가는 바람길 위에 스트레스를 모두 내려놓자,,,37.6967080309,126.3228884255,1909290,"여행코스,추천코스",,[]
,보물섬 남해로 떠나는 황홀한 여행,경상남도 남해군 삼동면 금암로 519-4,,34.762364719,128.0122018074,2631918,"여행코스,추천코스",,[]
,보성 녹차밭에 깃든 짙은 녹차 향기를 따라 가는 길,,,34.6508469224,127.0566327037,1968560,"여행코스,추천코스",,[]
,보성 대원사 벚꽃길,,,0.0,0.0,2717105,"여행코스,추천코스",,[]
,보성으로 떠나는 힐링여행 [웰촌],,,34.7626890478,127.1691395048,2500003,"여행코스,추천코스",,[]
,볼거리가 하늘의 별처럼 촘촘히 박혀있는 곳,,,37.7225966347,126.9468778065,2363261,"여행코스,추천코스",,[]
,봄 햇살 내리는 목장으로 초대,강원특별자치도 평창군 대관령면 대관령마루길 483-32,,37.6876427505,128.7533288363,2672834,"여행코스,추천코스",,[]
,봄가을로 즐기는 절골계곡의 아름다움,,,36.31647669,128.9887958673,1875589,"여행코스,추천코스",,[]
,"봄볕 선율, 봄바람 가락",,,36.1581304898,127.6104836756,2049113,"여행코스,추천코스",,[]
,봄볕 쐬며 떠나는 미술관 나들이,,,37.5166186172,127.2995404499,2605930,"여행코스,추천코스",,[]
,"봄이 아름다운 섬, 청산도",,,34.1729637262,126.8574839348,1885638,"여행코스,추천코스",,[]
,봅슬레이 눈썰매로 겨울이 뜨겁다.,,,37.7158102262,128.6763238031,2037368,"여행코스,추천코스",,[]
,봉화 금강송 숲 사이를 거닐다,,,37.0213735267,128.9638218071,1950219,"여행코스,추천코스",,[]
,봉화의 볼거리와 먹거리를 찾아,,,36.9042271877,128.7436004749,1949894,"여행코스,추천코스",,[]
,봉화의 약수관광지를 돌아보다,,,36.9081520943,128.7623375771,1966524,"여행코스,추천코스",,[]
,부대찌개의 역사를 맛보다,,,37.7120506283,127.1002002223,1869512,"여행코스,추천코스",,[]
,부산 금정산에서 마음을 비우다,,,35.278100765,129.0568164127,1922538,"여행코스,추천코스",,[]
,부산 앞바다를 한눈에 아우르다,,,35.0504712626,129.0870866804,1922568,"여행코스,추천코스",,[]
,부산과 울산 여행을 한번에! 1박2일 여행 코스 추천,,,0.0,0.0,2827454,"여행코스,추천코스",,[]
,부산의 가을은 영화로 들썩인다,,,35.0983842612,129.0281738287,2610457,"여행코스,추천코스",,[]
,"부산의 아름다운 낮과 밤을 느끼는 주경, 야경 여행",,,35.1568472316,129.1822754969,2022923,"여행코스,추천코스",,[]
,부산의 자연생태 체험 코스,,,36.1298034567,128.8419725161,2360805,"여행코스,추천코스",,[]
,부여의 연꽃이 잔잔한 백제투어,,,36.2890144903,126.9202224087,1936021,"여행코스,추천코스",,[]
,부처의 진신사리 만나러 가는 길,,,35.4880634584,129.0656153902,1855676,"여행코스,추천코스",,[]
,부천의 초록심장을 찾아가는 자연탐방코스,,,37.5048168547,126.8163264309,1874941,"여행코스,추천코스",,[]
,북서울 꿈의 숲과 불암산에 올라 야경을 보다,,,37.6398362118,127.0673163977,1977723,"여행코스,추천코스",,[]
,북을 바라보는 연천 역사의 하루 코스,,,38.1995503054,127.1553199031,1960294,"여행코스,추천코스",,[]
,북촌을 중심으로 한 조선시대 생활 이야기,,,37.5812776131,126.9829674185,1953116,"여행코스,추천코스",,[]
,분단과 평화의 의미를 되새겨보는 특별한 하루,,,38.182295773,127.8485513888,1871414,"여행코스,추천코스",,[]
,분홍빛 능선을 걷다.,,,35.4018152338,127.3878345827,2048169,"여행코스,추천코스",,[]
,불교문화의 정수와 늪의 신비를 찾아서...,,,35.5319462966,128.5534784656,1977177,"여행코스,추천코스",,[]
,불국토 남산에 올라 경주를 굽어보다,,,35.8230644863,129.2075046626,1854224,"여행코스,추천코스",,[]
,불심으로 새기고 지혜로 보존하다.,,,35.7667232954,128.1360449201,2038187,"여행코스,추천코스",,[]
,"붉은 단풍에 홀리고, 은빛 억새에 취하고",,,35.6210728692,129.0324645783,2037282,"여행코스,추천코스",,[]
,비대면 힐링 거제 여행코스,경상남도 거제시 남부면 해금강3길 23,,34.7366543572,128.67458648,2724128,"여행코스,추천코스",,[]
,비봉내마을 농촌관광 코스 [웰촌],,,35.0585037617,128.0132690353,2389116,"여행코스,추천코스",,[]
,빌딩 숲 강남 속에서 찾은 힐링,,,37.5071013134,127.0494329104,1920559,"여행코스,추천코스",,[]
,빛 고을에 울려 퍼진 민주화의 함성,,,35.2358457501,126.9395617934,2605931,"여행코스,추천코스",,[]
,빛으로 빛나는 경주의 야간투어 코스,,,35.842641552,129.2867249417,2364620,"여행코스,추천코스",,[]
,사계절 변신하는 생태 천국,,,35.5445451902,128.4182316642,2037010,"여행코스,추천코스",,[]
,사과 향기 따라 옮긴 발걸음,,,36.7609369853,126.6989186177,2519144,"여행코스,추천코스",,[]
,사라진 성곽길을 따라 걷기,,,37.5760281134,126.976843125,1951271,"여행코스,추천코스",,[]
,사인암에서 옥순봉까지 단양팔경을 유람하다,,,36.946142218,128.3225618631,1854583,"여행코스,추천코스",,[]
,사진놀이를 겸한 고성 핫플 순례,,,38.2546287991,128.5625618777,2568614,"여행코스,추천코스",,[]
,사천의 과거와 현재를 보다,,,35.0841439713,128.0936502129,2514308,"여행코스,추천코스",,[]
,사천의 역사탐방로 산책,,,35.083188232,127.9199487926,2364131,"여행코스,추천코스",,[]
,"산, 강, 호수를 넘나드는 드라이브",강원특별자치도 춘천시 남산면 햇골길 80,,37.8296061656,127.5433341914,2672347,"여행코스,추천코스",,[]
,"산, 계곡, 바다를 아우르는 여행",,,37.8062055984,128.6909113815,1846248,"여행코스,추천코스",,[]
,산과 바다가 주는 푸르른 치유를 만끽하다!,충청남도 서천군 마서면 금강로 1210,,36.03701486,126.7201247227,2718373,"여행코스,추천코스",,[]
,산과 바다를 동시에 즐기는 캠핑여행,,,36.9917161844,129.2704176242,1871120,"여행코스,추천코스",,[]
,산사에서 21세기 밤하늘의 별과 과학체험을 함께,,,36.3655131816,127.1873630896,1968521,"여행코스,추천코스",,[]
,산세 깊은 계룡산에서 쾌적한 글램핑,,,36.356873299,127.2324620609,2390869,"여행코스,추천코스",,[]
,산세가 부드럽고 나즈막해서 더욱 정겨운 영천,,,36.0635725234,129.0136259452,1948962,"여행코스,추천코스",,[]
,"산에서 바다로, 마을 지나 자연으로 향하는 역사기행",,,38.4022219331,128.3800516608,2569829,"여행코스,추천코스",,[]
,산의 정기를 느끼려면 느리게 걸어라,,,36.0541937896,127.3789209925,1927609,"여행코스,추천코스",,[]
,산청군의 문화유적지 답사 1,,,35.4161237892,127.9668164772,1967425,"여행코스,추천코스",,[]
,산청군의 문화유적지 답사 2,,,35.3212277466,127.8997221113,1967430,"여행코스,추천코스",,[]
,산청군의 문화유적지 답사 3,,,35.3499758139,127.8166203346,1967431,"여행코스,추천코스",,[]
,"살아있는 자연사 박물관, 우포늪여행",,,35.5539107612,128.4160843757,1870711,"여행코스,추천코스",,[]
,"삼강주막마을, 회룡포마을, 출렁다리마을 코스 [웰촌]",,,36.5628467803,128.2978861974,2382630,"여행코스,추천코스",,[]
,삼국시대 역사의 향기와 차 향기를 음미하다,,,37.518130275,127.1861146066,1870201,"여행코스,추천코스",,[]
,"삼국시대에서 근대까지, 익산이 품은 이야기를 만나다",,,36.0111259369,127.0301643512,1874079,"여행코스,추천코스",,[]
,삼척의 영화 촬영 명소를 찾아서,,,37.475147405,129.1596572021,1853403,"여행코스,추천코스",,[]
,"삽교호부터 왜목마을까지, 당진 알짜배기 투어",,,36.8907464135,126.8233371954,2519141,"여행코스,추천코스",,[]
,삽살개가 마중하고 제주마가 배웅하는 천연기념물센터에서 장태산자연휴양림까지,,,36.3677943249,127.3924057841,1927292,"여행코스,추천코스",,[]
,삿갓에 숨겨진 삿갓배미를 찾아라!,,,34.914468415,127.9273164135,1855425,"여행코스,추천코스",,[]
,상상 그 이상의 판타지아! 부천으로 고고씽~,,,37.5170395056,126.7640975177,2363051,"여행코스,추천코스",,[]
,상주의 오래된 유적지와 자전거 역사 여행을 함께,,,36.416392753,127.9232625946,1943425,"여행코스,추천코스",,[]
,상주의 자연과 역사 놀이를 한 번에 즐기기,,,36.5756741007,127.8993852778,1977181,"여행코스,추천코스",,[]
,"상하조도, 섬을 누비다",,,34.3784262807,126.1376061376,1886058,"여행코스,추천코스",,[]
,새 봄의 시작은 물 맑고 산 높은 화천에서! [웰촌],,,38.0670304086,127.6455289496,2537160,"여행코스,추천코스",,[]
,새빨간 사과의 매력에 빠지는 예산여행 [웰촌],,,36.7618257555,126.6979742347,2513871,"여행코스,추천코스",,[]
,"새천년 해안도로, 깊고 푸른 동해 바다를 온몸으로 맞는다!",,,0.0,0.0,2716799,"여행코스,추천코스",,[]
,"새해, 첫 일출은 정동진에서",강원특별자치도 강릉시 강동면 헌화로 990-1,,37.687167782,129.0375504951,2672339,"여행코스,추천코스",,[]
,"생각이 스치는 자리, 휴전선 여행",,,38.1295801853,126.9741996928,2514033,"여행코스,추천코스",,[]
,생명의 노래와 불경 소리가 심신을 달래주는 곳!,,,34.9070951762,127.3397958986,2371878,"여행코스,추천코스",,[]
,생태 관광의 제 맛을 보고 싶다면 서천으로!,,,36.0916736196,126.7851813652,2372003,"여행코스,추천코스",,[]
,생태환경과 과학으로 꿈꾸는 멋진 도시,,,36.337157932,127.3355089264,2360837,"여행코스,추천코스",,[]
,생활 속에 녹아든 예술과 자연을 만나다. 충주 민속공예거리 코스,,,37.0808734471,127.8467173471,1959194,"여행코스,추천코스",,[]
,서산마애삼존불부터 개심사까지 아라메길을 걷다,,,36.751897329,126.5947171669,1889544,"여행코스,추천코스",,[]
,서산의 핵심 역사&자연 관광 코스!,충청남도 서산시 운산면 마애삼존불길 65-13,,36.7735366831,126.6052184154,2666539,"여행코스,추천코스",,[]
,서산인들이 백제의 ‘미소’로 반겨주는 곳,,,36.7129010308,126.5488417988,2372001,"여행코스,추천코스",,[]
,서울 근교 강화 당일치기 여행 코스,인천광역시 강화군 삼랑성길 8,,37.6386205364,126.4913773782,2936862,"여행코스,추천코스",,[]
,서울 근교에서 즐길 수 있는 연천 가을여행 1박2일 코스,경기도 연천군 군중로 885 연강갤러리,,38.1178956717,126.9868988672,2895293,"여행코스,추천코스",,[]
,서울 양천구 서서울호수공원 코스,,,37.5270728494,126.8302467593,1977713,"여행코스,추천코스",,[]
,서울 용산을 중심으로 알차게 하루 즐기기,,,37.5205154388,126.9946597403,1916658,"여행코스,추천코스",,[]
,서울 해방촌의 이국적인 맛집을 찾아서,,,37.5447207531,126.9831045523,2385683,"여행코스,추천코스",,[]
,서울시티투어 버스를 이용하면 서울여행이 쉬워진다,,,37.56914839,126.9786320464,2381373,"여행코스,추천코스",,[]
,서울에서 전통주 체험을 할 수 있는 곳,,,37.5825022938,126.9731155042,2036023,"여행코스,추천코스",,[]
,서울의 거리에 핀 세계의 멋과 맛 서래마을 탐방,,,37.4978236945,126.9982989386,1977716,"여행코스,추천코스",,[]
,"서울의 놀거리, 볼거리를 하루에",,,37.5936514246,126.9968658003,1914507,"여행코스,추천코스",,[]
,서울의 대문 숭례문과 그 주변의 사람들을 찾아,,,37.5599855058,126.9752992762,1951225,"여행코스,추천코스",,[]
,서울의 랜드마크를 만나다,,,37.5554275981,126.9694943782,1889328,"여행코스,추천코스",,[]
,서울의 상수동 이색골목 탐방,,,37.5600788565,126.9148464502,1977718,"여행코스,추천코스",,[]
,서울의 순교성지 약현성당 탐방 코스,,,37.5591437954,126.9674194623,1977262,"여행코스,추천코스",,[]
,서울의 아름다운 밤을 바라보다.,,,37.5673630692,127.0110958057,2050509,"여행코스,추천코스",,[]
,서울의 역사 중심지를 걷다,,,37.5779914638,126.9595474247,1952958,"여행코스,추천코스",,[]
,서울의 하이드파크와 전통시장,,,37.541499976,127.0427408778,1920555,"여행코스,추천코스",,[]
,서천 갯벌 매력에 '푸~욱',,,36.0223406002,126.6653744482,2514074,"여행코스,추천코스",,[]
,서촌에서 즐기는 즐거운 맛산책,,,37.5792026787,126.9732044783,2030911,"여행코스,추천코스",,[]
,서해 제일의 석양부터 야경까지 아우르는 드라이브 코스,경기도 김포시 장릉로 79,,37.6125164284,126.7155881596,2987534,"여행코스,추천코스",,[]
,서해 최북단에서 나를 인증해보기! 신분증 지참 필수 코스,인천광역시 옹진군 연평중앙로24번길 3 연평면사무소,,37.6645816412,125.7023324332,2987555,"여행코스,추천코스",,[]
,"서해 최북단의 비경을 간직한 섬, 백령도",,,37.4560288869,126.7052712518,1885694,"여행코스,추천코스",,[]
,서해 황금들녘길,,,37.7233638002,126.3540542726,1909312,"여행코스,추천코스",,[]
,"서해랑길 (고창, 군산 구간)",,,0.0,0.0,2804869,"여행코스,추천코스",,[]
,"서해랑길(서천, 보령 구간)",,,0.0,0.0,2804868,"여행코스,추천코스",,[]
,"서해랑길(진도, 목포구간)",,,0.0,0.0,2804720,"여행코스,추천코스",,[]
,서해바다 대부도에서 아이랑 같이 놀자,,,37.2623520989,126.7470061547,1942793,"여행코스,추천코스",,[]
,서해바다를 붉게 물들이는 아침 해를 품에 안다.,,,36.7452041206,126.2987719033,2037388,"여행코스,추천코스",,[]
,서해바다에 안기고 체험마을에 머물다,,,36.5037078993,126.5173140741,1937646,"여행코스,추천코스",,[]
,서해안 해수욕장을 따라 여행하다,,,36.3138156874,126.5097752843,1938184,"여행코스,추천코스",,[]
,서해안을 지킨 조선시대 윤곽을 따라 여행,,,36.7129010308,126.5488417988,1938173,"여행코스,추천코스",,[]
,서해의 농촌마을에서 체험의 하루,,,36.1969357807,126.8995683606,1938430,"여행코스,추천코스",,[]
,석기시대로 타임머신 타고 떠나자!,,,38.012281587,127.0611506837,2514051,"여행코스,추천코스",,[]
,선녀를 찾아 십이선녀탕을 가볼까?,,,38.1187070138,128.3413167667,1855123,"여행코스,추천코스",,[]
,선비의 걸음으로 영주의 옛고개를 넘다,,,36.9988291645,128.6875221329,1950220,"여행코스,추천코스",,[]
,선사유적지와 분단의 현장에 발을 딛다.,,,38.0703510343,127.1286678042,2364049,"여행코스,추천코스",,[]
,선조들의 유유자적한 삶을 엿보러 영주로!,,,36.9984792058,128.6876110241,2365335,"여행코스,추천코스",,[]
,설봉산 일대의 산책과 미술관 관람,,,37.2813284853,127.4127674518,1921529,"여행코스,추천코스",,[]
,설악산국립공원의 비경을 만나다,,,38.1630292424,128.6084077975,1853446,"여행코스,추천코스",,[]
,설악이 숨겨 놓은 비경을 오르다,,,38.0888786965,128.4216048361,2383741,"여행코스,추천코스",,[]
,섬 속의 섬을 찾아가는 여행,,,34.7696596788,128.711837928,1853965,"여행코스,추천코스",,[]
,섬과 섬을 넘나드는 바다 여행,,,34.5915370257,127.5554488174,2381375,"여행코스,추천코스",,[]
,섬진강 따라 흐르는 그리움,,,35.5891836471,127.1097293693,1874091,"여행코스,추천코스",,[]
,"섬진강 따라, 녹차향 따라",,,34.9834489682,127.8934009321,2656788,"여행코스,추천코스",,[]
,섬진강을 따라 칙칙폭폭 달려보자!,,,35.1317790351,127.3870554839,1856948,"여행코스,추천코스",,[]
,성남의 멋과 맛을 찾아가는 식도락여행,,,37.380303951,127.1504495366,1873245,"여행코스,추천코스",,[]
,"성북동 마을과 고택, 예술가들의 이야기",,,37.5936180014,126.9916579427,1953117,"여행코스,추천코스",,[]
,성북동 마을과 문화 유적 이야기,,,37.5985313567,126.9937770548,1953120,"여행코스,추천코스",,[]
,성안 마을 혜화동의 어제와 오늘,,,37.5808974491,127.0022962231,1953121,"여행코스,추천코스",,[]
,성주의 자연과 어우러진 역사여행,,,35.9287028395,128.3264042258,1949337,"여행코스,추천코스",,[]
,성흥산성의 사랑나무를 만나러 가는 길,,,36.3048567412,126.8983961681,1889538,"여행코스,추천코스",,[]
,세계 최고의 금속활자가 인쇄된 흥덕사지,,,36.644583476,127.4722188308,1887365,"여행코스,추천코스",,[]
,세계 최대 고인돌 왕국,,,35.4303280891,126.7044055224,2037718,"여행코스,추천코스",,[]
,세계문화유산에 빛나는 안동하회마을,,,36.5393869168,128.5195365877,1871081,"여행코스,추천코스",,[]
,세계유산 성곽에서 야경에 취하다.,,,37.4766795706,127.1884127996,2049451,"여행코스,추천코스",,[]
,세련됨에 깃든 촌스러움이 정겹다. 부암동,,,37.5927259859,126.9664408229,2390486,"여행코스,추천코스",,[]
,세월이 만든 멋과 정취의 도시,,,35.8657398703,128.593196324,2360866,"여행코스,추천코스",,[]
,세종특별자치시 안의 드믄 캠핑장,,,36.5174650895,127.3371399921,1978844,"여행코스,추천코스",,[]
,소백산 산행과 풍기 인삼장,,,36.9330286474,128.5550331253,1950343,"여행코스,추천코스",,[]
,소설 ‘태백산맥’ 문학 기행,,,34.850190434,127.3384057864,1874189,"여행코스,추천코스",,[]
,소설<토지> 기행,,,35.1358810819,127.6917507908,2515790,"여행코스,추천코스",,[]
,소소한 일상의 아름다움과 함께 걷자,,,36.6520936741,127.4693633238,1936022,"여행코스,추천코스",,[]
,소중한 백제 문화의 터전 부여,,,36.2890144903,126.9202224087,2371996,"여행코스,추천코스",,[]
,속세를 떠나 풍경을 만나는 곳,,,36.5172709283,127.8155471782,1854601,"여행코스,추천코스",,[]
,"속초, 평화와 자유의 향기, 외옹치 바다향기로",,,38.1794773961,128.6118597475,2569573,"여행코스,추천코스",,[]
,속초의 석호에서 만나는 특별한 체험,,,38.2148780491,128.5716567385,1853441,"여행코스,추천코스",,[]
,솔숲과 갈대밭을 거닐다,,,36.0209518657,126.6651300616,2383729,"여행코스,추천코스",,[]
,송탄관광특구에서 즐기는 즐거운 시장체험,,,37.0798813293,127.0481644404,1870100,"여행코스,추천코스",,[]
,수도권 최고의 친환경 청정도시 광주로의 초대,,,37.4218034391,127.3878990314,2363029,"여행코스,추천코스",,[]
,수려한 계곡에서 탁족을 즐기다,,,36.6733028337,127.8034466774,1854522,"여행코스,추천코스",,[]
,수릿길 따라 걷는 휴식여행,,,37.3735173865,126.9261339986,1874872,"여행코스,추천코스",,[]
,수많은 백제 유물들이 그 빛을 발하는 순간들,,,36.3892304165,127.2160876548,2371994,"여행코스,추천코스",,[]
,수승대에서 옛 선비들의 풍류를 느끼다,,,35.7606824397,127.8334829365,1853969,"여행코스,추천코스",,[]
,"수원화성의 도시, 수원에서 즐기는 특별한 여행",,,37.2970164622,127.0000849751,1887407,"여행코스,추천코스",,[]
,"순창의 맛, 고추장",,,35.3984154483,127.0555724015,1873996,"여행코스,추천코스",,[]
,순천으로 가는 민속마을 길,,,35.0021972697,127.2755630365,1960683,"여행코스,추천코스",,[]
,"숲과 호수에서 즐기는 산소욕, 더위야 물렀거라",,,38.096444669,127.7003064015,2357725,"여행코스,추천코스",,[]
,"숲길 따라 만나는 고색창연한 절집 풍경, 내소사와 개암사",,,35.662806321,126.6498850501,1865572,"여행코스,추천코스",,[]
,"숲에서 힐링, 온천에서 힐링",,,36.2155330533,127.3415533337,1888965,"여행코스,추천코스",,[]
,숲을 갖기에 충분한 시간 만수계곡 자연관찰,,,36.8183332242,128.0956247474,1957867,"여행코스,추천코스",,[]
,"숲의 속삭임, 바다의 읊조림에 귀기울여 보는 감성 충만 코스!",강원특별자치도 양구군 한반도섬길 76,,38.1306932194,127.9828295908,2987565,"여행코스,추천코스",,[]
,"쉬면서, 신나게 놀아요.",,,38.1081742942,127.1232977461,2569754,"여행코스,추천코스",,[]
,스산한 가을에 즐기는 폐사지여행,,,37.3384042593,127.815087772,1855087,"여행코스,추천코스",,[]
,슬로시티 예산 사용법,,,36.6826486167,126.8488960772,2514417,"여행코스,추천코스",,[]
,슬로시티 증도여행,,,35.0024748307,126.0983476279,1885532,"여행코스,추천코스",,[]
,슬로우 슬로우~ 시원한 강바람을 맞으며 달리다.,,,37.6507772198,127.1012824333,2363034,"여행코스,추천코스",,[]
,슬로우푸드와 승마로 건강지키는 법,,,37.1347265968,127.4466740981,2514018,"여행코스,추천코스",,[]
,승마는 교감이라고 합니다. 말과 함께 느껴보세요.,,,36.6535139168,128.1330261005,2384399,"여행코스,추천코스",,[]
,"시간 걸려도 괜찮아, 느림보 산책",,,36.5420338157,127.9163374833,2514075,"여행코스,추천코스",,[]
,시간은 강물 따라 흐르고 이야기만 남았네 목계나루의 자취,,,37.0808734471,127.8467173471,1959188,"여행코스,추천코스",,[]
,시간을 건너 군산에 빠지다,전북특별자치도 군산시 경촌4길 14,,35.98135483,126.7362275,2786998,"여행코스,추천코스",,[]
,시간이 멈춘 듯한 풍경,,,38.0064137706,126.960029567,2351101,"여행코스,추천코스",,[]
,시끌벅적 시장 속으로,,,35.1879851446,127.6240887269,2516048,"여행코스,추천코스",,[]
,시원하고 짜릿하게 즐기는 동해 1박2일 여행코스,,,0.0,0.0,2833450,"여행코스,추천코스",,[]
,시원한 동해의 낭만 강릉여행 [웰촌],,,37.824514771,128.843283178,2511700,"여행코스,추천코스",,[]
,시원한 물놀이 후 즐기는 대구의 찐빵,,,35.7878550158,128.6353947739,2390797,"여행코스,추천코스",,[]
,시원한 바다를 보며 달콤고소 빵여행,,,37.7449997196,128.8816349577,2022049,"여행코스,추천코스",,[]
,시인 정지용의 향수 속으로,,,36.4023537021,127.6719465205,1854609,"여행코스,추천코스",,[]
,신나는 과학 체험 놀이터,,,37.9265458453,127.1421679785,2568567,"여행코스,추천코스",,[]
,"신라, 한강 유역에 진출해 성을 쌓고 비를 세우다",,,36.9451589796,128.3216147543,2381374,"여행코스,추천코스",,[]
,"신라의 달밤을 걷는 길, 경주의 백미",,,35.867426431,129.2226909569,1960694,"여행코스,추천코스",,[]
,신라의 불국토 남산에서 부처를 만나다,,,35.8189737214,129.2307999598,1854158,"여행코스,추천코스",,[]
,신라의 화려한 역사와 문화를 만나다,,,35.8293391766,129.2286026351,1854171,"여행코스,추천코스",,[]
,신비로운 숲에서 휴식하고 미지의 모험도 할 수 있는 일거양득 코스,강원특별자치도 양구군 숨골로310번길 131,,38.1902435638,128.073975022,2987538,"여행코스,추천코스",,[]
,신사임당과 허난설헌을 낳은 고장 강릉에 가다,,,37.7787651808,128.8776814918,2385664,"여행코스,추천코스",,[]
,"실안해안도로, 옹기종기 그림 같은 풍경에 빠지다!",,,0.0,0.0,2717303,"여행코스,추천코스",,[]
,심도 역사 문화길을 따라 걷다,,,37.7496574902,126.4856636932,1909256,"여행코스,추천코스",,[]
,심산계곡과 고찰을 찾아 떠나는 여행,,,38.3309830044,128.3790123137,1853385,"여행코스,추천코스",,[]
,심신에 좋은 것들은 다 모였다.,,,35.325158668,126.9863276197,2365369,"여행코스,추천코스",,[]
,쌀 수탈의 흔적을 만나는 군산 근대유산여행,,,35.9913838016,126.7108545126,1857193,"여행코스,추천코스",,[]
,쌀을 부어 물처럼 보이는 지혜를 만나다,,,37.1825384496,127.0226166807,1869478,"여행코스,추천코스",,[]
,쓰라린 아픔을 견뎌내고 문화가 된 역사를 기억하는 여행,인천광역시 중구 제물량로232번안길 27,,37.4729365453,126.621006246,2722497,"여행코스,추천코스",,[]
,아기자기한 성당과 정원을 찾아 힐링 여행,,,36.8823378621,126.9137681387,1937595,"여행코스,추천코스",,[]
,아기자기한 탐방으로 소소한 기쁨을 누리다,,,37.6753822966,126.925167244,1887672,"여행코스,추천코스",,[]
,아라가야의 역사를 담은 타임캡슐,,,35.2691592651,128.4029071115,2381394,"여행코스,추천코스",,[]
,아름다운 강변을 따라 가며 낭만 여행자가 되다,,,37.5332142184,127.3162940074,1887682,"여행코스,추천코스",,[]
,아름다운 자연과 민속 고유의 전통이 공존하는 순천으로의 여행,,,34.8683887105,127.5189644805,1997062,"여행코스,추천코스",,[]
,아름다운 풍경을 자랑하는 제천 & 단양 여행 코스,,,0.0,0.0,2867109,"여행코스,추천코스",,[]
,아름다운 호수 풍광이 마음을 치유하는 힐링 여행,,,37.9452227654,127.8148060427,1871355,"여행코스,추천코스",,[]
,아리랑 장단이 흥겨워 ‘아라리요’,,,34.5716072962,126.3049729621,2049243,"여행코스,추천코스",,[]
,아산 문화유적코스,,,36.8056015727,127.0321512148,1965856,"여행코스,추천코스",,[]
,아슬아슬 올라 아찔한 풍광에 감동하다,,,37.0030405065,128.1344881781,1939799,"여행코스,추천코스",,[]
,아시아경기대회장을 중심으로 가족 체험여행,,,37.5470065226,126.666994431,1977260,"여행코스,추천코스",,[]
,아우내 장터에 울려퍼진 역사의 길,,,36.7834963946,127.2231623857,1928021,"여행코스,추천코스",,[]
,아이 웃음소리가 끊이지 않는 여행,,,37.2763769709,127.4507474888,2515530,"여행코스,추천코스",,[]
,아이가 더 좋아하는 오감만족 체험여행,,,35.4477218554,126.4504415591,2514463,"여행코스,추천코스",,[]
,아이들과 함께 추억에 잠기는 가을날,경기도 양평군 서종면 소나기마을길 24,,37.5950637188,127.3779366263,2674164,"여행코스,추천코스",,[]
,아이와 함께하는 파주의 체험코스,,,37.941016026,126.9696583507,1967424,"여행코스,추천코스",,[]
,"아프리카 춤과 노래에 반하고, 호수 둘레길에 매료되다",,,37.7752106701,127.1403475214,2383728,"여행코스,추천코스",,[]
,악 소리나는 험준한 월악산에 오르다,,,36.8573896236,128.0832469604,1886526,"여행코스,추천코스",,[]
,악양 슬로우시티에서 즐기는 느릿느릿 시간,,,35.0620403303,127.7456535215,1870733,"여행코스,추천코스",,[]
,안동호를 따라 퇴계 선생을 만나러 가볼까?,,,36.5633521879,128.7389469597,1871090,"여행코스,추천코스",,[]
,"안면도해안도로, 환상의 바다 낙조길 활짝 열리다!",,,0.0,0.0,2716812,"여행코스,추천코스",,[]
,안산 앞바다에서 하루 즐겁게,,,37.1923695445,126.64607281,1960309,"여행코스,추천코스",,[]
,안산과 강화도를 한번에 즐길 수 있는 경기도 1박2일 여행코스,,,0.0,0.0,2833445,"여행코스,추천코스",,[]
,안산에서 즐기는 시원스런 전망과 즐거운 체험,,,37.2608318535,126.8488469408,2363227,"여행코스,추천코스",,[]
,안산에서의 즐거운 놀이 체험,,,37.3821119671,126.833689391,1942792,"여행코스,추천코스",,[]
,"안산으로 떠나는 미술관, 전시관 여행",,,37.2199628014,126.6022649264,2012403,"여행코스,추천코스",,[]
,"안전, 예술, 바다, 명소까지 올인원 여수관광코스",전라남도 여수시 삼동2길 32 (주삼동),,34.7989961616,127.6606427146,3512499,"여행코스,추천코스",,[]
,"안전과 여유, 감동을  함께 누리는 담양여행코스",전라남도 담양군 금성면 병목로 219,,35.3226652741,127.031426468,3516594,"여행코스,추천코스",,[]
,안전과 힐링이 함께하는 제천여행코스,충청북도 제천시 제천북로 143 (왕암동),,37.1439386855,128.1614927766,3516944,"여행코스,추천코스",,[]
,안전에서 역사까지 익산의 오감 여행코스,전북특별자치도 익산시 함열읍 익산대로78길 127-49,,36.0325777625,126.9561453987,3517031,"여행코스,추천코스",,[]
,안전을 체험하다.,,,37.1483483649,128.9906406041,2357566,"여행코스,추천코스",,[]
,"알짜배기 도심 치유여행, 성남",,,37.4341881202,127.0809904354,2371986,"여행코스,추천코스",,[]
,알짜배기 명소만 골라 놓은 꽤 잘 빠진 DMZ 핫플레이스 코스,경기도 연천군 평화로443번길 2 전곡선사박물관,,38.0116483757,127.0637782388,2987558,"여행코스,추천코스",,[]
,"알짜배기 자연 치유여행, 남해",,,34.7983974799,128.0510169343,2371985,"여행코스,추천코스",,[]
,"야구박물관에서 부터 바닷길이 열리는 신비의 섬 까지, 서귀포 강정 여행",,,33.2607036029,126.4987917922,2006495,"여행코스,추천코스",,[]
,야생화 숨은 명소를 찾아서  [웰촌],,,36.081565915,126.9157338372,2380932,"여행코스,추천코스",,[]
,"약초의 고장, 제천에서 즐기는 건강여행",,,37.1612158025,128.0837937022,1886524,"여행코스,추천코스",,[]
,양구 국토정중앙천문대캠핑장,강원특별자치도 양구군 남면 국토정중앙로 127,,38.0689929629,128.0296994153,2668417,"여행코스,추천코스",,[]
,양구 아트 투어,,,38.0961777739,127.9815974173,2568539,"여행코스,추천코스",,[]
,"양구, 고향의 구수한 맛, ‘펀치볼 시래기’",,,38.2942519535,128.1304777862,2569657,"여행코스,추천코스",,[]
,"양반의 고장, 함양의 화림동계곡을 걷다",,,35.5659755637,127.7687216334,1870753,"여행코스,추천코스",,[]
,양방산에 올라 단양을 굽어보다,,,37.000503034,128.3435139617,1854597,"여행코스,추천코스",,[]
,양산에 신선도 반할 비경이 숨어 있다,,,35.4243519049,129.104797074,2381550,"여행코스,추천코스",,[]
,"양양, 남대천 연어의 귀향과 통일의 꿈",,,38.075623097,128.6268060727,2569566,"여행코스,추천코스",,[]
,양양에서 만나는 유서 깊은 문화유산,,,38.0867946957,128.6615081346,1853958,"여행코스,추천코스",,[]
,양양의 7번 국도를 따라가는 바다 여행,,,38.0210676566,128.7353257175,1853829,"여행코스,추천코스",,[]
,양평에서 드라마 속 주인공 되어보자,경기도 양평군 옥천면 중미산로 1152,,37.5880714886,127.4546298581,2674166,"여행코스,추천코스",,[]
,"어느 계절, 어느 누구와 함께해도 남부럽지 않은 코스",경기도 파주시 부흥로 242,,37.8014139252,126.8742905293,2987539,"여행코스,추천코스",,[]
,어제를 추억하고 오늘을 기록하는 남원 여행,전북특별자치도 남원시 사매면 서도길 32,,35.48985706,127.3306263,2660111,"여행코스,추천코스",,[]
,어촌 마을에서 보내는 여름향기,,,35.1060523924,127.9235756567,2519107,"여행코스,추천코스",,[]
,"얼씨구 어깨가 들썩, 덩더꿍 흥이 절로",,,36.9906858701,127.1926760732,2048808,"여행코스,추천코스",,[]
,엑티브한 이색스포츠를 즐기려면 강원도로 가라,,,38.0106842714,128.238148898,2384396,"여행코스,추천코스",,[]
,여기는 꼭! 사천 여행에 빼먹지 말아야 할 코스,경상남도 사천시 사남면 공단1로 108,,35.070944919,128.063478201,2515782,"여행코스,추천코스",,[]
,여름 바다 100% 즐기기,,,35.5173450576,126.4835368733,2514466,"여행코스,추천코스",,[]
,여름에 더위를 피하러 가기 좋은 곳,,,36.9130305012,128.8247179834,1949892,"여행코스,추천코스",,[]
,여백과 낙엽 향 가득한 하룻밤,,,37.0117060575,127.9781991785,2037263,"여행코스,추천코스",,[]
,여수 도심을 가로질러 오동도까지 걸어라,,,34.7307968308,127.7393264527,2371969,"여행코스,추천코스",,[]
,여수 앞바다에 펼쳐진 크고 작은 섬들,,,34.5916329613,127.8040048886,1968524,"여행코스,추천코스",,[]
,여수 앞바다와 이순신 유적지를 찾아 떠나는 여행,,,34.7449679469,127.7670431134,2371903,"여행코스,추천코스",,[]
,"여수의 맛, 돌산 갓김치를 찾아서",,,34.6413571979,127.7600352457,2371937,"여행코스,추천코스",,[]
,여의도 샛강을 따라 걷는 길,,,37.5189615106,126.9203498862,1977724,"여행코스,추천코스",,[]
,역사 속 인물을 만나는 여정,,,36.7468848074,126.7998098847,2519145,"여행코스,추천코스",,[]
,역사 위에 피어난 봄,,,35.9901573398,127.101219672,2046271,"여행코스,추천코스",,[]
,역사가 흐르는 자연 속에 머무는 시간,,,38.2709833013,127.2892777149,2569802,"여행코스,추천코스",,[]
,역사공부에 아름다운 자연풍광까지! 두마리 토끼를 잡는 울산여행,울산 중구,,35.5778530666,129.3464439092,2660706,"여행코스,추천코스",,[]
,역사와 예술을 만나다 원당 파주,,,37.6623384267,126.8724974231,1965837,"여행코스,추천코스",,[]
,역사의 숨결따라 바다를 달리다,,,36.7734922271,126.6042685029,1938170,"여행코스,추천코스",,[]
,역사의 향기 그윽한 전통마을 나홀로 여행 1,,,35.8161863245,127.1495004912,2036076,"여행코스,추천코스",,[]
,역사의 흔적을 찾아 떠나는 광명 역사여행 코스,,,37.4390363919,126.860477029,2020956,"여행코스,추천코스",,[]
,역사의 흔적을 찾아 떠나는 여주 탐방,,,37.3928894614,127.6555589492,1997043,"여행코스,추천코스",,[]
,연둣빛 신록으로 빛나는 숲,,,34.9730105074,128.3223775787,2046337,"여행코스,추천코스",,[]
,"연을 처음 재배한 고장, 시흥의 명소들을 만나다",,,37.4025090784,126.8043276058,1887439,"여행코스,추천코스",,[]
,연인들의 일출 순례지 영덕 해맞이공원,,,36.5080970062,129.4468581507,1948676,"여행코스,추천코스",,[]
,"연천, ‘철새와 겨울나기’ 힐링 여행",,,38.0063554418,126.9599045799,2569700,"여행코스,추천코스",,[]
,"연천, 청정자연의 ‘나룻배마을’",,,38.0955263709,127.003675756,2569644,"여행코스,추천코스",,[]
,"연천군과 철원군, 화천군까지! 민통선 접경지 여행 코스",경기도 연천군 장남로 270,,37.9880472103,126.847090455,2987554,"여행코스,추천코스",,[]
,연천에서 만나는 고구려,,,38.2127540167,127.1389710158,2568694,"여행코스,추천코스",,[]
,연천으로 옮겨간 황손의 집,,,38.0635735508,127.1014232772,2514054,"여행코스,추천코스",,[]
,"열심히 논 당신, 제대로 쉬어라!",,,37.2189899682,127.3420478414,2514060,"여행코스,추천코스",,[]
,"열정, 젊음, 시원함이 있는 밤바다 여행",,,35.1539192222,129.152086535,2605959,"여행코스,추천코스",,[]
,"영광백수해안도로, 해안선 따라 해넘이의 파노라마가 물결치다!",,,0.0,0.0,2717106,"여행코스,추천코스",,[]
,영광의 유서 깊은 불교 역사와 아름다운 자연탐방,전라남도 영광군 불갑면 불갑사로 450,,35.1997127345,126.5500610856,2681390,"여행코스,추천코스",,[]
,영남의 알프스를 걷다,,,35.5853561242,128.961344023,1855449,"여행코스,추천코스",,[]
,영남지역 유일한 시민천문대에서 낭만과 추억을,,,35.2270260017,128.9096750828,1908068,"여행코스,추천코스",,[]
,영덕의 문화유적 코스 1,,,36.6463630409,129.3662583787,1966531,"여행코스,추천코스",,[]
,영덕의 문화유적 코스 2,,,36.5142119679,129.39466813,1966886,"여행코스,추천코스",,[]
,영도다리를 건너다,,,35.0955680697,129.0368537062,1942553,"여행코스,추천코스",,[]
,영도의 바다를 만나다,,,35.1044292944,128.9458947113,1889025,"여행코스,추천코스",,[]
,"영동에서 만나는 국악, 체험 여행",,,36.2132480272,127.7000658629,2029168,"여행코스,추천코스",,[]
,영암의 명물 기찬랜드와 낙지요리 코스,,,34.7917082337,126.6852119282,2393478,"여행코스,추천코스",,[]
,영양의 문학동네를 찾아 떠나다,,,36.5588434278,129.1280903746,1944408,"여행코스,추천코스",,[]
,영어마을 체험마을부터 파주 제대로 즐기기,,,37.7836406544,126.6997764523,1917267,"여행코스,추천코스",,[]
,영월의 국수사랑 삼시세끼 코스,,,37.1303695203,128.5363650997,2022060,"여행코스,추천코스",,[]
,영월의 젊은달와이파크와 함께 SNS 인생 사진 코스,강원특별자치도 영월군 주천면 송학주천로 1467-9,,37.2740146038,128.2691404013,2700323,"여행코스,추천코스",,[]
,영주의 온천과 풍기 인삼을 체험하다,,,36.919994964,128.4570839255,1943419,"여행코스,추천코스",,[]
,영화 마니아를 위한 로맨틱 여행,,,35.1609293352,129.1405651222,2381544,"여행코스,추천코스",,[]
,"영화보다 더 영화 같은 여행, 부산",,,35.124966298,129.1191457482,2036051,"여행코스,추천코스",,[]
,"예산 갈비와 한우, 얼마나 맛있게요?",,,36.6795628842,126.8502515936,2514424,"여행코스,추천코스",,[]
,예산 땅의 문화가 잠든 곳을 찾아,,,36.718498939,126.6258180263,1960316,"여행코스,추천코스",,[]
,예술과 낭만의 도시 목포 문화여행 1박2일 코스,전라남도 목포시 영산로29번길 6,,34.7877370151,126.3817999111,2776502,"여행코스,추천코스",,[]
,예술과 역사를 모두 만나는 광주 전남 여행 코스,,,0.0,0.0,2823349,"여행코스,추천코스",,[]
,예술과 자연을 하나의 작품으로 만나는 여행 코스,강원특별자치도 철원군 태봉로 1825 철원군시설관리사업소,,38.1872292046,127.2889996684,2987542,"여행코스,추천코스",,[]
,예술에 취하다,,,35.3137858957,128.7685850297,2515740,"여행코스,추천코스",,[]
,예천의 체험장과 마지막 남은 주막에서 막걸리 한잔을...,,,36.6814660342,128.419608068,1944444,"여행코스,추천코스",,[]
,옛 뗏목꾼들의 노래 소리를 들어볼까?,,,37.4781357955,128.7223102329,1855145,"여행코스,추천코스",,[]
,옛 서울의 아름다움에 반하다,,,37.5792724367,126.9911250653,1889325,"여행코스,추천코스",,[]
,옛 정취가 잠든 오래된 도시를 걷다.,,,34.7616022092,126.6200989565,2394421,"여행코스,추천코스",,[]
,옛스러운 문경의 사찰탐방 여행,,,36.7397834849,128.2234100128,1943436,"여행코스,추천코스",,[]
,옛집 담긴 은행나무 마을서 ‘황금빛 향연’,,,36.4274610386,126.6750074365,2037281,"여행코스,추천코스",,[]
,오감만족 평창 봉평 여행,,,37.62578663,128.350975337,1871380,"여행코스,추천코스",,[]
,오감을 자극하는 감각적인 체험여행,,,36.6596696087,127.4150291024,1938449,"여행코스,추천코스",,[]
,"오늘, 지금, 여기! 가장 핫한 DMZ 스팟으로 떠나보자!",경기도 파주시 기산로 31,,37.7730205159,126.9023221079,2987541,"여행코스,추천코스",,[]
,오대산 설경을 ‘천상의 극치’라 부른다,,,37.7315262654,128.5941057408,2605393,"여행코스,추천코스",,[]
,오래된 시장의 북적임과 들꽃이 가득한 홍릉수목원에서 하루를 보내다,,,37.5790788412,127.0370542189,1915719,"여행코스,추천코스",,[]
,"오랜 역사와 신명나는 축제가 어우러진 여행, 재미 나주!",전라남도 나주시 반남면 고분로 747,,34.9149272587,126.6590084523,2621021,"여행코스,추천코스",,[]
,오붓하게 사랑하는 사람들과 함께 고양으로!,,,37.6802190812,126.8390916347,2363013,"여행코스,추천코스",,[]
,옥포로&두류공원,,,35.7480907321,128.5204171033,2044530,"여행코스,추천코스",,[]
,온 가족이 행복한 진주&산청 여행 코스,경상남도 산청군 금서면 동의보감로555번길 61,,35.4411434995,127.8278613869,2619919,"여행코스,추천코스",,[]
,온가족이 함께 떠나는 제주 중문단지여행,,,33.4121657625,126.393844726,2372025,"여행코스,추천코스",,[]
,온몸으로 즐기는 대구 2박 3일 코스 여행!,대구광역시 중구 인교동 59-3,,35.8742137114,128.5823637094,2778427,"여행코스,추천코스",,[]
,온몸을 감싸는 피톤치드와 홍삼의 향기,,,35.9798608986,127.396343646,1874147,"여행코스,추천코스",,[]
,온천욕 뒤 곰장어와 파전으로 몸보신,,,35.2200382869,129.0814741955,2037446,"여행코스,추천코스",,[]
,"온천으로 뜨끈하게 달구고, 대게로 몸보신",,,37.0579226471,129.42060782,2037412,"여행코스,추천코스",,[]
,온천의 고장에서 즐기는 스파와 캠핑,,,36.7502826733,126.858915569,1889785,"여행코스,추천코스",,[]
,"온화하고 경건하게, 천주교 성지 여행",,,36.0168095465,128.6300555188,2519127,"여행코스,추천코스",,[]
,온화한 시골마을 봉화,,,36.9312961805,128.7369030517,1949891,"여행코스,추천코스",,[]
,올 여름 무더위는 강원도의 시원한 트래킹으로 이기자.,,,37.1789207992,129.0395158733,2390099,"여행코스,추천코스",,[]
,"옹기, 선조의 지혜를 배우다",,,35.3589668021,129.3605738299,1889340,"여행코스,추천코스",,[]
,와인과 함께 즐기는 영동여행,충청북도 영동군 황간면 원촌리 48-3,,36.2343212965,127.8917065577,2699788,"여행코스,추천코스",,[]
,왕골공예마을 가는 길,,,37.7739121113,126.4356037173,1909316,"여행코스,추천코스",,[]
,왕에게 가다,,,35.8250694447,129.1878424395,2037712,"여행코스,추천코스",,[]
,"왕이 넘던 고개, 천천히 쉬며 넘어가볼까?",,,36.4895699705,127.7410129412,1854599,"여행코스,추천코스",,[]
,외연도 상록수림에서 즐기는 힐링 여행,,,36.3268613923,126.508538944,1889520,"여행코스,추천코스",,[]
,용두산을 올라 부산포를 보다,,,35.0992231522,129.0333816865,1942557,"여행코스,추천코스",,[]
,용문산자락에서 즐기는 숲속여행,,,37.5505836095,127.5753727596,1920521,"여행코스,추천코스",,[]
,용인의 신나는 놀이공원 코스,,,37.3089591053,127.1319032319,1968939,"여행코스,추천코스",,[]
,용인의 자연 속에서 천천히 걷기,,,37.1710085914,127.2970977056,2499864,"여행코스,추천코스",,[]
,용천사 붉은 꽃무릇 보러 갈까?,,,35.1352747771,126.5018863899,1854619,"여행코스,추천코스",,[]
,우리 것의 즐거움을 배우는 곳,,,36.9501420538,126.9648561104,2364055,"여행코스,추천코스",,[]
,우리 차 문화와 갯벌의 보고 무안 [웰촌],,,35.0650790954,126.4512953721,2523250,"여행코스,추천코스",,[]
,우리나라 최대 규모의 산성을 걸어보자,,,35.2016128368,129.0956929088,1889309,"여행코스,추천코스",,[]
,우리나라 최대의 신두리 해안사구 고운 모래를 밟아보자.,,,36.8431661732,126.2029752256,2017552,"여행코스,추천코스",,[]
,우리나라 최초 패러글라이딩 활공장에서 자연을 느끼다. [웰촌],,,36.9910337355,128.4412777087,2389092,"여행코스,추천코스",,[]
,"우리의 종과 판화를 찾아서, 진천 여행 [웰촌]",,,36.8707175462,127.4137289238,2530537,"여행코스,추천코스",,[]
,우암산 자락에서 바라보는 청주의 야경,,,36.6472743968,126.978213158,2350179,"여행코스,추천코스",,[]
,우주과학 체험여행,,,34.4464749631,127.5264716326,1968523,"여행코스,추천코스",,[]
,운치 있는 산사에서의 하루,,,35.0619418748,127.5142988488,1874729,"여행코스,추천코스",,[]
,운치있는 가을바다와 천곡동굴에서의 체험학습,,,37.4787553003,129.1585099712,2514011,"여행코스,추천코스",,[]
,울긋불긋 단풍의 바다에 풍덩,,,38.096444669,127.7003064015,2037697,"여행코스,추천코스",,[]
,울릉도에서 독도에 서다,,,37.4884949382,130.8983938108,1948723,"여행코스,추천코스",,[]
,울산 앞바다 몽돌해변,,,35.6282630976,129.4422952276,2394381,"여행코스,추천코스",,[]
,울산의 자동차 산업관광 코스,,,35.5389803669,129.3839750664,2394354,"여행코스,추천코스",,[]
,울산의 초록빛과 부산의 푸른빛에 둘려쌓여 자유를 만끽하다!,부산광역시 해운대구 청사포로 167,,35.1633523032,129.1954075101,2721176,"여행코스,추천코스",,[]
,울주 문화유산 코스 1,,,35.6519094123,129.2409288104,1966894,"여행코스,추천코스",,[]
,울주 문화유산 코스 2,,,35.621020096,129.0323923639,1966898,"여행코스,추천코스",,[]
,울진 관동팔경에서 아름다운 동해안 해변을 거닐다,,,36.9652747589,129.4126169032,1960570,"여행코스,추천코스",,[]
,울진 앞바다를 보며 문화와 풍광에 젖어들다,,,37.0579226471,129.42060782,1960569,"여행코스,추천코스",,[]
,울진의 바다를 보다,,,37.0812207453,129.3177329259,1948718,"여행코스,추천코스",,[]
,웅포캠핑장에서 즐기는 익산투어,,,36.1289605936,126.9211515521,1874040,"여행코스,추천코스",,[]
,원당말목장에서 허브랜드까지,,,37.6639909412,126.8685255167,1917044,"여행코스,추천코스",,[]
,원시 자연의 아름다움을 만끽하는 홍천 계곡 여행,,,37.7847893252,128.1465168309,1871402,"여행코스,추천코스",,[]
,원주 시내탐방 코스,,,37.347814016,127.9504947193,1967843,"여행코스,추천코스",,[]
,원주 치악산을 중심으로 문화탐방길,,,37.3334448765,128.0268771388,1967853,"여행코스,추천코스",,[]
,원주 행구동의 호젓한 카페길 코스,,,37.3497706068,128.0182024433,2034853,"여행코스,추천코스",,[]
,원주에서 만나는 역사와 문학의 향기,,,37.3478306806,127.9504669437,1855111,"여행코스,추천코스",,[]
,월출산과 백련사에서 바라다 보이는 한결같은 정경,,,34.5878099623,126.7482502188,1968150,"여행코스,추천코스",,[]
,월출산국립공원의 절경을 감상하다,,,34.7727942822,126.7206176021,1885596,"여행코스,추천코스",,[]
,월출산의 기를 받으며 힐링해 볼까?,,,34.5036978315,126.6196691016,1885572,"여행코스,추천코스",,[]
,유네스코 지정 문화유산 안을 거닐다,,,37.6260431066,126.8980044553,1874826,"여행코스,추천코스",,[]
,유네스코지정 미륵사지와 왕궁리유적코스,전북특별자치도 익산시 금마면 미륵사지로 362,,36.01160364,127.0287339,2700335,"여행코스,추천코스",,[]
,유성시장부터 대전의 과학시설물 돌아보기,,,36.3580194335,127.3354889192,1978176,"여행코스,추천코스",,[]
,유유자적 평창 즐기기,강원특별자치도 평창군 진부면 오대산로 176,,37.7189028985,128.6029831025,2679577,"여행코스,추천코스",,[]
,유채꽃 향기 따라 정남진 여행,,,34.4595857774,126.9359562918,2514179,"여행코스,추천코스",,[]
,"유쾌하고도 가슴 뜨거운 여행, 목포",전라남도 목포시 영산로29번길 6,,34.7877370151,126.3817999111,2660371,"여행코스,추천코스",,[]
,"육지 속의 제주도, 한밤마을의 돌담길을 걷다",,,36.0576581544,128.6550327211,1855917,"여행코스,추천코스",,[]
,은빛 가을이 찾아온 합천,경상남도 합천군 가회면 황매산공원길 137-7,,35.4873718178,127.9958203619,2785010,"여행코스,추천코스",,[]
,의성마늘시장 맛집을 찾아서,,,36.3463456157,128.6991289609,2030578,"여행코스,추천코스",,[]
,의성의 사과와인을 맛보고 공룡 유적지 탐방,,,36.4371162842,128.7231131204,1944358,"여행코스,추천코스",,[]
,이국적인 분위기와 달콤한 도시 송도,,,37.3967651189,126.6368541332,2372032,"여행코스,추천코스",,[]
,"이몽룡, 성춘향이 되어 남원 읍내를 걸어보자",,,35.4024957076,127.3876068076,1860438,"여행코스,추천코스",,[]
,이바구길을 걷다,,,35.1163630064,129.0391501616,1942566,"여행코스,추천코스",,[]
,이순신 장군의 흔적을 따라가는 여행,,,34.7793267216,128.4834880755,1870729,"여행코스,추천코스",,[]
,이천의 등산여행 코스,,,37.2678240882,127.3905226266,1976475,"여행코스,추천코스",,[]
,이충무공과 작별인사를 나누다,,,34.944233551,127.8720260408,1855416,"여행코스,추천코스",,[]
,인생샷 남기고 추억 남기고,,,36.819212335,126.785520332,2519140,"여행코스,추천코스",,[]
,인천 도심을 즐기다,,,37.4752886414,126.5978471833,1976468,"여행코스,추천코스",,[]
,인천 중구 반일 도보코스,,,37.4737086851,126.6214228532,1960287,"여행코스,추천코스",,[]
,인천의 구석구석 숨은 명물을 찾아서...,,,37.4737086851,126.6214228532,1976469,"여행코스,추천코스",,[]
,인천의 근현대의 흔적을 만나다,,,37.4746002426,126.6211117455,1886015,"여행코스,추천코스",,[]
,인천의 명물빵 여행,,,37.3986638943,126.7373782544,2030910,"여행코스,추천코스",,[]
,인천의 박물관 코스,,,37.4360865012,126.690678692,1968944,"여행코스,추천코스",,[]
,일상에서 벗어나 자연과 함께하는 충주 힐링 여행,,,37.073858233,127.8816810691,2011616,"여행코스,추천코스",,[]
,"일상의 쉼표 하나, 여행길에 숨 고르기 충주 세계무술박물관",,,36.9884074396,127.9077895042,1958241,"여행코스,추천코스",,[]
,"일출과 동백꽃, 서천에서 '빨간 여행'",,,36.1379050125,126.4935201987,2514416,"여행코스,추천코스",,[]
,임꺽정이 호령하던 한탄강의 비경,,,38.1864459168,127.2865026984,2351160,"여행코스,추천코스",,[]
,임자도에서 말 타고 푸른 바다 해변을 달리자.,,,35.0858264076,126.0917156572,2391043,"여행코스,추천코스",,[]
,임진왜란 불패 신화 정기룡 장군을 만나다,,,36.5322955079,128.0391767916,1943430,"여행코스,추천코스",,[]
,"임진왜란의 영웅, 사명대사를 만나다",,,35.4973539196,128.6052470921,1855468,"여행코스,추천코스",,[]
,입맛 돋는 문경의 삼시세끼 코스,,,36.7591785086,128.0745338787,2022067,"여행코스,추천코스",,[]
,있는 그대로 제주의 자연을 거닐어볼 코스,,,33.431941822,126.598232081,2372023,"여행코스,추천코스",,[]
,잊혀진 대가야를 만나다,,,35.7209529503,128.2604351916,1855873,"여행코스,추천코스",,[]
,잊힌 묵호항의 이야기를 듣다.,,,37.5174026726,129.1097937008,2036038,"여행코스,추천코스",,[]
,자! 떠나자! 울산에 고래 보러!,,,35.5052535543,129.3815095662,2390817,"여행코스,추천코스",,[]
,자라섬에서의 낭만 넘치는 오토캠핑,,,37.7421850353,127.3518708527,1914511,"여행코스,추천코스",,[]
,자수려한 영월의 정취와 민속적인 아름다움을 찾아 떠나는 여행,,,37.0837011428,128.6027272048,2390803,"여행코스,추천코스",,[]
,자연 그대로의 아름다움을 느끼는 여수여행,,,34.5915801897,127.8040298878,1997082,"여행코스,추천코스",,[]
,자연 속에 깃든 남양주 역사기행,,,37.7528333807,127.1767420667,1874904,"여행코스,추천코스",,[]
,자연 속에서 더 깊게 다가오는 역사,,,38.2405874812,128.2082167941,2569833,"여행코스,추천코스",,[]
,자연 속에서 즐기는 스릴 만점 레저 여행,충청북도 단양군 두산길 196-52,,36.9967294703,128.396956509,2990340,"여행코스,추천코스",,[]
,자연 속에서 즐기는 휴식 같은 캠핑,,,37.9908745813,126.8428602053,2037269,"여행코스,추천코스",,[]
,"자연 속에서 한바탕 펼쳐지는 가을잔치, 양평 (웰촌)",,,37.5333836353,127.3158523761,2433924,"여행코스,추천코스",,[]
,"자연, 역사, 문화, 예술을 총망라한 강원 북부 끝판왕 코스!",강원특별자치도 철원군 금강산로 262,,38.2559834094,127.1998974779,2988349,"여행코스,추천코스",,[]
,자연과 도자기가 어우러진 단양여행 [웰촌],,,37.00463267,128.1710348542,2530555,"여행코스,추천코스",,[]
,자연과 문학을 만나는 춘천 여행,,,37.8192439589,127.7187796385,1871361,"여행코스,추천코스",,[]
,자연과 역동적인 레포츠를 즐기다,,,37.0019622614,128.4000810764,1938460,"여행코스,추천코스",,[]
,"자연과 예술, 평화의 바람을 담은 문화예술 여행코스",인천광역시 옹진군 모도로140번길 41 배미꾸미조각공원,,37.529120681,126.4060798813,2987504,"여행코스,추천코스",,[]
,자연그대로 자연스러운 자연 속으로,,,38.1040990654,127.9811972135,2569786,"여행코스,추천코스",,[]
,자연보다 더 아름다운 공원산책 코스,,,37.5130210232,126.7919145381,1921208,"여행코스,추천코스",,[]
,자연에서 뛰노는 시간 충주에서 체험하기 코스,,,37.0197558048,127.8640536492,1959213,"여행코스,추천코스",,[]
,자연용천수에 몸을 담그며 여행의 추억을 떠올리다,,,36.9699545982,129.4033648045,1871192,"여행코스,추천코스",,[]
,자연을 벗삼아 즐기는 체험여행,,,37.0949499135,127.4069621402,1997055,"여행코스,추천코스",,[]
,자연을 품은 가을밤의 서정,,,35.0545027118,128.397246664,2037261,"여행코스,추천코스",,[]
,"자연을 품은 곳, 창녕 우포늪과 의령 한우산",,,35.5539107612,128.4160843757,1966900,"여행코스,추천코스",,[]
,자연의 향기를 즐길 수 있는 포천 가을 여행 1박2일 코스,경기도 포천시 광릉수목원로 415,,37.7518472513,127.1694149861,2899221,"여행코스,추천코스",,[]
,"자연이 준 선물, 백련지와 청정 갯벌",,,34.85435785,126.4161202728,1874188,"여행코스,추천코스",,[]
,자연이고 예술이고 가는 곳마다 힐링 버스!,,,37.2570444772,128.128392451,2361048,"여행코스,추천코스",,[]
,자전거와 함께하는 풍경여행!,,,36.4532335106,128.255054231,2514399,"여행코스,추천코스",,[]
,잘 쉬는 데도 기술이 필요하다. 고수의 힐링 코스!,강원특별자치도 고성군 심층수길 85 송지호관리사무실,,38.3315552444,128.5265599668,2987544,"여행코스,추천코스",,[]
,잠실 관광특구 코스,,,37.5158429077,127.1017973416,2390484,"여행코스,추천코스",,[]
,장흥에서 즐기는 체험놀이 코스,,,37.7360172099,126.9421861861,2390050,"여행코스,추천코스",,[]
,장흥의 아름다운 산을 만나다,,,34.6685038728,126.9265436958,1885652,"여행코스,추천코스",,[]
,"재미와 교육, 추억까지 그득한 화순 여행기",,,34.9916616955,127.2375583142,2371984,"여행코스,추천코스",,[]
,저마다 가을 색을 뽐내는 속초로 떠나는 여행 [웰촌],강원특별자치도 속초시 설악산로 833,,38.1676019271,128.5165465521,2513872,"여행코스,추천코스",,[]
,전남 구례 체험하러 가기,,,35.2029685523,127.4056103599,1960310,"여행코스,추천코스",,[]
,전북 고창 온천해수찜,,,35.4325667023,126.7030889164,1966516,"여행코스,추천코스",,[]
,전북 고창의 문화와 자연을 찾아서,,,35.4303280891,126.7044055224,1960286,"여행코스,추천코스",,[]
,전북 무주에서의 하루 보내기,,,35.9024375684,127.777192442,1960297,"여행코스,추천코스",,[]
,전북 임실군 순창체험여행,,,35.6711993836,127.2727377727,1965944,"여행코스,추천코스",,[]
,전장의 중원에서 평안의 중원으로 중앙탑 사적공원과 충주박물관,,,37.017089498,127.8669201343,1958244,"여행코스,추천코스",,[]
,전주의 고풍을 즐겁게 즐기자!,,,35.7227452882,127.0534614685,1921196,"여행코스,추천코스",,[]
,전주의 유네스코 보물찾기 코스,,,35.8119480802,127.1588414376,2385661,"여행코스,추천코스",,[]
,젊음의 낭만이 가득한 물의 여정,,,37.7144713469,127.4899618642,2037367,"여행코스,추천코스",,[]
,정선읍내에서 즐기는 오감만족여행,,,37.3804237312,128.6645128184,1855143,"여행코스,추천코스",,[]
,정읍여행의 백미를 담다,,,35.5519086377,126.862268971,1874123,"여행코스,추천코스",,[]
,정조의 마음을 따라 화성을 걷다,,,37.2826740161,127.0189531079,1887437,"여행코스,추천코스",,[]
,제대로 요약정리한 안보 관광명소 모음 코스,강원특별자치도 화천군 주파령로 4 군장병안내소,,38.2109528514,127.6642590347,2987552,"여행코스,추천코스",,[]
,제부도 바닷길을 가르고 모세처럼 걷기,,,37.1714882076,126.6219727941,1942795,"여행코스,추천코스",,[]
,"제주 사계해안도로, 바다와 산의 하모니에 홀릭하다!",,,0.0,0.0,2717306,"여행코스,추천코스",,[]
,제주도 세계자연유산 탐방 1 코스,,,33.4323127375,126.6928183084,1961038,"여행코스,추천코스",,[]
,제주도 세계자연유산 탐방 3 코스,,,33.4488520479,126.659879123,1961043,"여행코스,추천코스",,[]
,제주민의 삶과 문화를 느낄 수 있는 ‘어멍아방잔치마을’ (웰촌),,,33.2716041224,126.607412688,2433992,"여행코스,추천코스",,[]
,제주올레길,제주특별자치도 제주시 조천읍 함덕리,,33.5421308904,126.6769116252,2804721,"여행코스,추천코스",,[]
,제주의 여장부 김만덕을 따라 걷는 산책,,,33.5161900175,126.5471207179,2030576,"여행코스,추천코스",,[]
,제주의 특별한 카페찾아가기,,,33.2723773593,126.6765039077,2372031,"여행코스,추천코스",,[]
,"조개 캐고, 쏙 잡고, 맨손 고기잡이까지",,,34.914468415,127.9273164135,2357546,"여행코스,추천코스",,[]
,조령산 자락에서 즐기는 전통한지체험,,,36.7637876107,127.9941242763,1854496,"여행코스,추천코스",,[]
,조선시대와 근대사를 두루 만나는 역사기행,,,37.4766795706,127.1884127996,1874800,"여행코스,추천코스",,[]
,조선의 왕들이 지극히 아끼던 공간,,,37.5809583673,126.9919888278,2037723,"여행코스,추천코스",,[]
,조용한 영주의 서원과 고찰을 찾아서,,,36.9254188823,128.5800894438,1943412,"여행코스,추천코스",,[]
,"족욕공원, 산책로, 설악산을 품에 안다.",,,38.1664988322,128.4935625629,2037447,"여행코스,추천코스",,[]
,좋은 사람이랑 맛있는 음식과 즐거운 산책길을 걷자,,,37.3257653744,126.8139149802,1942789,"여행코스,추천코스",,[]
,주왕산과 달기약수탕으로 즐기는 청송 힐링여행,,,36.4363582225,129.0268918006,1875592,"여행코스,추천코스",,[]
,주왕산을 중심으로 청송의 자연 속에서,,,36.3922376841,129.1435077819,1944365,"여행코스,추천코스",,[]
,주천강을 따라 자연의 신비를 느껴보는 여행,,,37.2979283665,128.2613154006,1854623,"여행코스,추천코스",,[]
,"중국의 닭 울음소리가 들리는 섬, 가거도",,,34.0740166502,125.112514536,1885557,"여행코스,추천코스",,[]
,지금 여기로 이어진 역사를 만나다,,,38.0937977461,127.6998120813,2569820,"여행코스,추천코스",,[]
,지루할 틈이 없다! 통영의 아름다움과 즐거움을 모두 갖춘 여행,경상남도 통영시 동피랑1길 6-18,,34.8453461228,128.4276467571,2677764,"여행코스,추천코스",,[]
,지리산 자락에서 즐기는 캠핑여행,,,35.5255626017,127.7196437029,1870738,"여행코스,추천코스",,[]
,지리산과 섬진강에 기댄 명당에서 쉬다.,,,35.2330832887,127.6497769643,2358013,"여행코스,추천코스",,[]
,지리산에 깃든 산사의 매력을 느껴보다,,,35.2423155842,127.4905046433,1885230,"여행코스,추천코스",,[]
,지리산의 깊은 산자락 속에 세상 시름을 묻다,,,35.5255626017,127.7196437029,1976466,"여행코스,추천코스",,[]
,지친 몸과 마음을 달래주는 건강여행,,,37.434227004,127.0809682147,1873254,"여행코스,추천코스",,[]
,지친 몸과 마음을 치유하는 시간,,,38.1900331225,128.5409269725,1853803,"여행코스,추천코스",,[]
,"지평선의 고장, 김제의 들녘을 가다",,,35.810209189,126.9866706994,1857208,"여행코스,추천코스",,[]
,지하철 타고 돌아보는 부산 시간여행,,,35.2190105271,129.0762330134,2037531,"여행코스,추천코스",,[]
,진도 신비의 바닷길을 따라 모세의 기적을 체험하다,,,34.4350123235,126.3548190249,1886061,"여행코스,추천코스",,[]
,진안 부귀 메타세쿼이아길,,,0.0,0.0,2716737,"여행코스,추천코스",,[]
,진정한 마음자리를 찾아가는 완주 사찰 기행,,,36.0663296796,127.2870871879,1874010,"여행코스,추천코스",,[]
,진주성을 따라 임진왜란을 생각하다,,,35.1897457534,128.0802763856,1870693,"여행코스,추천코스",,[]
,진주의 축제 코스,,,35.1760243778,128.0410190787,1960689,"여행코스,추천코스",,[]
,진천의 문화유산을 찾아 떠나다,,,36.8402953596,127.3754526608,1938456,"여행코스,추천코스",,[]
,짜릿한 모험레포츠를 즐기자!,,,38.059996648,128.1684231762,2357712,"여행코스,추천코스",,[]
,짜릿한 즐거움을 선사하는 가족여행,,,37.6960495263,127.6966102847,1871407,"여행코스,추천코스",,[]
,차디찬 겨울을 온 몸으로 맞다,,,37.2855798313,126.7395895205,2515733,"여행코스,추천코스",,[]
,"찬란하고 아련하게, 밀양 봄마중",,,35.4921350361,128.7552590901,2515767,"여행코스,추천코스",,[]
,찬란한 가야문화의 심장부 ‘김해’로 출발!,,,35.2445817707,128.877307982,2364112,"여행코스,추천코스",,[]
,참성단에서 무술년 대박 기원과 역사 여행을 하는 강화여행 [웰촌],,,37.6324672881,126.4237865154,2537161,"여행코스,추천코스",,[]
,창녕을 빛내는 원시자연과 문화유산과의 조우,,,35.5539107612,128.4160843757,2364589,"여행코스,추천코스",,[]
,창녕의 생태를 오감으로 느끼다,,,35.5538523828,128.4132429607,2514309,"여행코스,추천코스",,[]
,책과 함께하는 특별한 체험여행,,,37.7083436435,126.6866797759,2357718,"여행코스,추천코스",,[]
,천 년의 역사를 간직한 다리를 건너다,,,36.8400281033,127.3408641146,1887343,"여행코스,추천코스",,[]
,천년 전 신라인들을 만나다,,,35.8305555475,129.2202505546,1854200,"여행코스,추천코스",,[]
,"천년의 빛을 품은 아름답고 따뜻한 땅, 영광으로!",전라남도 영광군 염산면 향화로 2-10,,35.1686742123,126.3603175723,2720045,"여행코스,추천코스",,[]
,천년전주마실길을 걷다,,,35.8244075763,127.1474699017,1874109,"여행코스,추천코스",,[]
,천수만 해안길,,,0.0,0.0,2716756,"여행코스,추천코스",,[]
,천수만의 자연을 체험하다,,,36.7129010308,126.5488417988,1889547,"여행코스,추천코스",,[]
,천안의 볼거리를 찾아 가족여행,,,36.7867282918,127.1633176864,1936030,"여행코스,추천코스",,[]
,천주교와 위정척사 정신이 마주한 제천,,,37.1664711754,128.1064859531,2381377,"여행코스,추천코스",,[]
,천혜의 자연 경관과 굵직한 산업시설로 가득한 고래들의 고향,,,35.432879217,129.2798871229,2360875,"여행코스,추천코스",,[]
,"철기문화의 중심국가, 가야를 만나다",,,35.2654161888,128.9123710205,1855378,"여행코스,추천코스",,[]
,"철원, 심신의 평화, 온천 힐링 여행",,,38.1860765749,127.2897246357,2569747,"여행코스,추천코스",,[]
,"철원, 평화롭게 ‘두루미 자는 버들골’",,,38.2831185874,127.321463288,2569645,"여행코스,추천코스",,[]
,청계천을 돌아 경복궁에서 인사동까지,,,37.5691567219,126.9786237129,1914505,"여행코스,추천코스",,[]
,청도반시의 고장에서 즐기는 힐링체험,,,35.7135399852,128.7205560174,1875579,"여행코스,추천코스",,[]
,청동기 시대로 떠나는 여행,,,35.4303280891,126.7044055224,1854234,"여행코스,추천코스",,[]
,청량산에 올라 하늘다리를 건너다,,,36.789429772,128.9186077212,1856085,"여행코스,추천코스",,[]
,청량산에서 안동 퇴계의 오솔길을 거닐다,,,36.7880489029,128.8939044034,1950217,"여행코스,추천코스",,[]
,청량하고 달콤한 공기를 맘껏 호흡하다.,,,38.0620344746,127.5342225996,2037655,"여행코스,추천코스",,[]
,청량한 남도의 숲,,,34.7129404441,127.0856564027,2047099,"여행코스,추천코스",,[]
,청송의 송소고택과 주산지를 보다,,,36.5055798837,129.1193954859,1944362,"여행코스,추천코스",,[]
,청와대 앞 코스 돌아보기,,,37.5756364926,126.9768570246,1952971,"여행코스,추천코스",,[]
,청정 기운을 품은 예천으로 떠나는 1박 2일 여행,경상북도 예천군 용궁면 회룡길 92-16,,36.5855612175,128.3176504563,2785785,"여행코스,추천코스",,[]
,청정 남해안의 비경을 찾아서,,,34.7279803963,127.8943963083,1960690,"여행코스,추천코스",,[]
,청정자연의 여유와 스릴을 동시에! [웰촌],,,37.7117451077,128.7321300076,2500325,"여행코스,추천코스",,[]
,청정하고 알싸한 청양을 여행하다,,,36.3965063708,126.8421099001,1937802,"여행코스,추천코스",,[]
,청주의 자연에서 배우면서 뒹굴자,,,36.627055696,127.6689127953,1939810,"여행코스,추천코스",,[]
,청평호반과 유명산을 두루 즐기는 웰빙여행,,,37.7519056334,127.4763342349,1873269,"여행코스,추천코스",,[]
,청풍명월의 고장에서 빚어낸 명물,,,36.7638570419,127.993835411,2514445,"여행코스,추천코스",,[]
,청풍명월의 풍경 속으로 풍덩!,,,37.1731890121,128.2105597365,2372006,"여행코스,추천코스",,[]
,청해진 장보고의 길을 따라 가는 길,,,34.3599685198,126.7300989576,1960686,"여행코스,추천코스",,[]
,체험이 있는 풍경 길을 가다,,,36.6890667994,126.659335231,1937637,"여행코스,추천코스",,[]
,최고 수온 78도씨 피부 질환에 좋은 유황 성분 가득,,,35.5445368581,128.4182316644,2037488,"여행코스,추천코스",,[]
,춘천 명물 닭갈비 먹으러 고고싱!,강원특별자치도 춘천시 명동길 34,,37.8781372367,127.7255661644,2672348,"여행코스,추천코스",,[]
,춘천 의암호반길,,,0.0,0.0,2716748,"여행코스,추천코스",,[]
,춘천에서 청정&낭만 에너지를 꽉 채우다!,강원특별자치도 춘천시 사북면 춘화로 330-48,,37.9793137923,127.695796424,2788407,"여행코스,추천코스",,[]
,출렁다리 건너 섬으로,,,34.528753095,126.772346751,2514081,"여행코스,추천코스",,[]
,충남 금산 약초 인삼 쇼핑코스,,,36.0169394054,127.519420591,1968140,"여행코스,추천코스",,[]
,충남 아산시 웰빙코스,,,36.7086596789,127.0165858157,1965848,"여행코스,추천코스",,[]
,충남 해안으로 떠나는 겨울 맛 기행,,,36.537983719,126.4710062376,1892511,"여행코스,추천코스",,[]
,충남의 보물 같은 마을 풍경,,,36.6080784379,126.792761474,1937621,"여행코스,추천코스",,[]
,충남의 자연에 풍덩 빠져 즐기다,,,37.0029631036,126.4528482838,1937611,"여행코스,추천코스",,[]
,충북 단양 팔경을 찾아 떠나요,,,36.8951234215,128.3411255713,1960416,"여행코스,추천코스",,[]
,충주 시장을 걸으며 만나는 삶의 이야기,,,36.9755037778,127.9300212102,1959206,"여행코스,추천코스",,[]
,충주 토속 음식과 향기로운 청명주를 찾아,,,37.0283795202,127.8481798295,2372035,"여행코스,추천코스",,[]
,충주호 푸른 물결 위로 달리는 ‘이야기’,,,37.0403753668,127.848487792,2372022,"여행코스,추천코스",,[]
,충주호반 푸른 물빛에 젖은 벚꽃 터널 산책,,,36.9975303967,128.0044888916,2046301,"여행코스,추천코스",,[]
,칠곡의 자연과 어우러져,,,36.019791791,128.5895145682,1949887,"여행코스,추천코스",,[]
,카페 마니아 주목! 컨셉부터 남다른 카페 투어 코스!,경기도 파주시 임진각로 148-53 종합관광안내소,,37.8905011326,126.74040303,2987564,"여행코스,추천코스",,[]
,칼바람 잊게 하는 힐링 천국,,,34.5036978315,126.6196691016,2037448,"여행코스,추천코스",,[]
,캠핑 레포츠하기 좋은 백학동 마을 코스 [웰촌],,,35.0525487052,127.686831153,2393459,"여행코스,추천코스",,[]
,캠핑에 문화와 예술을 더 하다,충청남도 계룡시 신도안면 용동리 53,,36.3238523018,127.2451423707,1937803,"여행코스,추천코스",,[]
,캠핑을 즐기며 여유롭게 돌아보는 태안,,,36.6725512434,126.290277364,1938169,"여행코스,추천코스",,[]
,켜켜이 쌓인 세월의 아름다움을 찾아서,,,36.5427877776,127.8334920856,1941547,"여행코스,추천코스",,[]
,콩밭메는 아낙네~~를 부르며 칠갑산을 오르다,,,36.3998317198,126.8841143716,1889789,"여행코스,추천코스",,[]
,타임머신 타고 떠나는 순천,,,34.9070951762,127.3397958986,1874752,"여행코스,추천코스",,[]
,타조와 동식물을 모두 체험할 수 있는 코스,,,37.7043750321,126.7075252026,1917178,"여행코스,추천코스",,[]
,태고의 정적이 감도는 무주 역사 유적지를 찾아서,,,36.0101232105,127.658708389,1966893,"여행코스,추천코스",,[]
,태곳적 한반도를 만나 오늘의 나를 새롭게하는 리버스(re-birth) 코스,경기도 연천군 평화로443번길 2 전곡선사박물관,,38.0116483757,127.0637782388,2987549,"여행코스,추천코스",,[]
,태백산을 마주보고 걷다,,,37.1197481096,128.951169988,1968945,"여행코스,추천코스",,[]
,태안의 가장 아름다운 해변캠핑을 즐기다,,,36.7671460535,126.2999656602,1889806,"여행코스,추천코스",,[]
,"태조 이성계, 조선을 건국하고 종묘와 사직을 세우다",,,37.5756752063,126.9673551116,2383723,"여행코스,추천코스",,[]
,통일신라의 주역이 잠들어 있는 곳,,,35.8453339098,129.1923942418,1854229,"여행코스,추천코스",,[]
,통일을 꿈꾸는 김포 문화역사 탐방,,,37.7532645413,126.5940758788,1874877,"여행코스,추천코스",,[]
,통제가 해제된 DMZ 마을에서 만나는 역사,,,37.9906912679,126.8427713299,2569826,"여행코스,추천코스",,[]
,특별한 테마 가득한 이색 체험여행,,,37.0906853675,127.6494764956,1938434,"여행코스,추천코스",,[]
,파로호 자전거길로 시작하는 생태여행,,,38.0993652277,127.7779270055,2390809,"여행코스,추천코스",,[]
,"파주, 건강하고 맛있는 ‘장단콩’",,,37.9106264376,126.7335503075,2569651,"여행코스,추천코스",,[]
,파주에서 즐길 수 있을 만한 좋은 여행,,,37.8023472378,126.72402648,1917198,"여행코스,추천코스",,[]
,판화의 오묘한 세상 속으로 들다.,,,37.2570722597,128.1288146345,2037407,"여행코스,추천코스",,[]
,팔공산 구석구석 숨은 매력 속으로,,,35.9656138873,128.7009673696,1873313,"여행코스,추천코스",,[]
,팔공산 자락 부처의 자비를 만나다,,,35.9451759793,128.778686098,1853974,"여행코스,추천코스",,[]
,팔공산의 가산을 오르다,,,36.019791791,128.5895145682,1875605,"여행코스,추천코스",,[]
,팔공산자락에서 즐기는 고즈넉한 캠핑여행,,,36.0169103809,128.9731502827,1871112,"여행코스,추천코스",,[]
,팔당역으로 떠나는 도보&자전거 여행 [웰촌],,,37.5463724962,127.244369613,2500002,"여행코스,추천코스",,[]
,평야 넒은 호남땅의 나주로 마실가자!,,,35.0294125943,126.7203752147,2365338,"여행코스,추천코스",,[]
,평화누리길 따라 걷는 유교문화길,,,37.8345533762,126.8113564557,2569836,"여행코스,추천코스",,[]
,평화의 바람 따라 강화 DMZ으로 떠나는 자전거여행,인천광역시 강화군 교동면 교동남로 20-1,,37.781391829,126.2792873012,2659837,"여행코스,추천코스",,[]
,폐허에서도 예술은 꽃 핀다,,,37.9234395953,127.2364816671,2568560,"여행코스,추천코스",,[]
,포도가 무르익는 안성 여행 [웰촌],,,36.944309309,127.2722951759,2511701,"여행코스,추천코스",,[]
,포천러가 추천하는 진짜 여름 휴가코스,경기도 포천시 신북면 아트밸리로 234,,37.9235007,127.2365177729,2665995,"여행코스,추천코스",,[]
,포천의 온천수와 함께 아트밸리와 허브랜드의 힐링을 찾아서...,,,37.9742368092,127.1040700801,1917272,"여행코스,추천코스",,[]
,포토 스팟을 따라가는 자유로 드라이브 당일 코스,경기도 파주시 임진각로 148-73 파주임진각 평화곤돌라,,37.891506569,126.7402919011,2987543,"여행코스,추천코스",,[]
,포항의 절경을 찾아 떠나자!,,,35.9294552231,129.352661121,1945211,"여행코스,추천코스",,[]
,"푸른 바다를 벗삼아 걷는 낭만 여행길, 울산",울산광역시 동구 봉수로 155-1,,35.5017849664,129.4062491748,2628044,"여행코스,추천코스",,[]
,푸른 바다에 펼쳐진 거제 해상 역사를 찾아,,,34.8669317677,128.6906371891,2364085,"여행코스,추천코스",,[]
,"푸른 보리밭, 하얀 메밀꽃의 바다에 빠지다",,,35.4183853069,126.5574077754,1854239,"여행코스,추천코스",,[]
,푸른 산과 호수를 만나다,충청북도 제천시 의림지로 33,,37.1741832958,128.2080793747,2700431,"여행코스,추천코스",,[]
,푸른 하늘 아래서 즐기는 천연염색체험,,,34.9941517253,126.6629339388,1854614,"여행코스,추천코스",,[]
,풍경&역사&체험을 모두 즐기자! 활력 넘치는 의성 여행,경상북도 의성군 의성읍 충효로 88,,36.3551113547,128.7028506025,2631871,"여행코스,추천코스",,[]
,풍광이 눈부시게 어우러지는 동해의 서피비치코스,강원특별자치도 양양군 강현면 낙산사로 100,,38.1246313546,128.6301764637,2700295,"여행코스,추천코스",,[]
,"풍천장어, 얼마나 맛있게요?",,,35.432416713,126.7027306184,2519152,"여행코스,추천코스",,[]
,피로야 가라! 온천에서 즐기는 휴식 여행,,,36.8183332242,128.0956247474,2037519,"여행코스,추천코스",,[]
,하늘만큼 높은 하늘재를 걷다,,,36.8183332242,128.0956247474,1887373,"여행코스,추천코스",,[]
,하동 쌍계사 하동십리 벚꽃길,,,0.0,0.0,2715918,"여행코스,추천코스",,[]
,하동의 차문화와 아름다운 청산을 돌아보며...,,,35.2330832887,127.6497769643,1967388,"여행코스,추천코스",,[]
,하루 만에 다녀오는 울릉도 한바퀴!,,,37.485106451,130.8990521975,1874686,"여행코스,추천코스",,[]
,하루 만에 둘러보는 ‘안성’맞춤 여행,,,37.0112174698,127.2281695194,2363252,"여행코스,추천코스",,[]
,하멜의 표류기에 등장하는 강진 병영성과 바다낚시 여행,,,34.7166939361,126.8217239573,1968147,"여행코스,추천코스",,[]
,하멜표류기의 흔적을 만나다,,,34.7166939361,126.8217239573,1856920,"여행코스,추천코스",,[]
,학곡마을 섬강매향골칠봉마을 가족여행 [웰촌],,,37.3995043418,128.0498675732,2384908,"여행코스,추천코스",,[]
,한 박자 쉬어가고 싶을 때 슬로시티 예산으로!,,,36.6827152692,126.8484961115,2372005,"여행코스,추천코스",,[]
,"한 여름에도 시원한 얼음골, 밀양 여행",,,35.5803348234,128.9804563782,2006482,"여행코스,추천코스",,[]
,한강에 기대 선현을 추억하다.,,,37.5712067737,127.3021525359,2037232,"여행코스,추천코스",,[]
,한개마을에서 즐기는 고즈넉한 시간,,,36.0167061924,128.29629612,1871072,"여행코스,추천코스",,[]
,한계령에서 주전골까지 설악산의 비경을 만나다,,,38.0975551653,128.406047648,1853853,"여행코스,추천코스",,[]
,"한국독립운동의 성지! 안동, 안동독립운동사 51년을 걷다",,,36.609570603,128.6694767924,1968949,"여행코스,추천코스",,[]
,"한국의 명약, 인삼을 즐기다",,,36.1299843763,127.4923949576,1889475,"여행코스,추천코스",,[]
,한국의 알프스로 떠나는 청양 여행 [웰촌],,,36.4097088908,126.9143308397,2523251,"여행코스,추천코스",,[]
,"한국인이 사랑하는 옛 맛, 초당두부 먹으러 간다",강원특별자치도 강릉시 경포로 365,,37.7956108224,128.896568157,2672340,"여행코스,추천코스",,[]
,한국전쟁의 상흔을 느껴보는 여행,,,34.875324085,128.6247343647,1853967,"여행코스,추천코스",,[]
,한국전쟁의 상흔을 어루만지다,,,38.1861404189,127.2876942645,1855157,"여행코스,추천코스",,[]
,한라산 품 안에서 보내는 하룻밤,,,33.4697026193,126.4920098966,1855218,"여행코스,추천코스",,[]
,한려해상 국립공원의 풍경을 담다,,,34.6258866951,128.5498196639,1870727,"여행코스,추천코스",,[]
,한려해상국립공원의 비경을 만나다,,,34.7414314203,128.6644788978,1853963,"여행코스,추천코스",,[]
,한방약초와 동의보감의 고장 산청에서 힐링을!,,,35.2741948084,127.9364784516,2364134,"여행코스,추천코스",,[]
,한방테마파크에서 누리는 힐링여행,,,35.4920211468,127.8313513996,1855664,"여행코스,추천코스",,[]
,"한센병 환자의 슬픔을 간직한 섬, 소록도",,,34.4842313947,127.3357568011,1856946,"여행코스,추천코스",,[]
,한양도성 남산 도시 숲부터 남대문 시장까지,,,37.5516394747,126.9876206116,1951228,"여행코스,추천코스",,[]
,한양도성 안 궁궐과 학교이야기,,,37.6017918513,126.98052817,1953123,"여행코스,추천코스",,[]
,한양의 500년 도읍을 거닐다,,,37.5745534411,126.9855423744,1889319,"여행코스,추천코스",,[]
,한옥마을부터 천혜비경의 섬까지 충남 1박2일 추천코스,,,0.0,0.0,2823341,"여행코스,추천코스",,[]
,한적한 바닷길 따라 소등섬 한 바퀴,,,34.6046206793,127.0047356151,2514180,"여행코스,추천코스",,[]
,한적한 호반 풍경을 만나다,,,36.3414272868,127.6693817572,1945189,"여행코스,추천코스",,[]
,함백산 만항재,,,0.0,0.0,2716753,"여행코스,추천코스",,[]
,함평 바다에서 즐기는 특별한 체험,,,35.0329600762,126.5933169191,1854617,"여행코스,추천코스",,[]
,"해금강해안도로, 클래식블루 톤의 유혹!",,,0.0,0.0,2717150,"여행코스,추천코스",,[]
,해남 땅끝에서 1박 2일 코스,,,34.5512564337,126.6225204875,1960308,"여행코스,추천코스",,[]
,해송숲에서 즐기는 캠핑여행,,,36.1639803079,126.5230502068,1889550,"여행코스,추천코스",,[]
,해수욕장과 절경 산책로를 품은 ‘보물섬’,,,37.4549243971,126.6009780171,2357525,"여행코스,추천코스",,[]
,해안 따라 보물이 가득한 무안 낙지길을 걷자.,,,35.1578946312,126.345466376,2381383,"여행코스,추천코스",,[]
,"해양과학 체험부터 어촌 체험까지, 바다를 만나는 체험여행",,,37.2860814488,126.8343725556,2012402,"여행코스,추천코스",,[]
,해운대를 지나 문탠로드를 걷다,,,35.1519749981,129.1522560183,1889286,"여행코스,추천코스",,[]
,해인사와 팔만대장경을 만나는 여행,,,35.8016047815,128.098758376,1870766,"여행코스,추천코스",,[]
,"해파랑길(경주, 포항, 영덕 구간)",,,0.0,0.0,2804867,"여행코스,추천코스",,[]
,"해파랑길(고성, 속초 구간)",,,0.0,0.0,2807088,"여행코스,추천코스",,[]
,"해파랑길(부산,울산 구간)",,,0.0,0.0,2804685,"여행코스,추천코스",,[]
,향긋한 봄을 먹다.,,,37.3804209542,128.6645128184,2047668,"여행코스,추천코스",,[]
,향토유적 따라 가을 속으로,,,37.2117653201,127.0056007429,2515724,"여행코스,추천코스",,[]
,험준한 산자락에 숨은 천년고찰을 만나다,,,36.1157424022,128.0045303511,1855936,"여행코스,추천코스",,[]
,호국돈대길의 풍광 좋은 바다를 걸어보자,,,37.7093182482,126.5138816793,1909257,"여행코스,추천코스",,[]
,호국의 성지에서 애국정신을 새기다,,,36.5401700007,128.0606357668,2519113,"여행코스,추천코스",,[]
,호남지역의 유적지 돌아보기,,,35.1860968451,127.0002465691,1978824,"여행코스,추천코스",,[]
,호랑이 꼬리 따라 달려볼까?,,,35.9987340867,129.3831286757,1875636,"여행코스,추천코스",,[]
,호롱불과 반딧불이 밝히는 무주여행 [웰촌],,,36.0171067381,127.714147718,2530539,"여행코스,추천코스",,[]
,호미곶에 해맞으러 가자,,,36.0769426512,129.5666575351,1945206,"여행코스,추천코스",,[]
,호수에서 즐기는 벚꽃 산책,,,37.7865588677,128.8850778068,2044505,"여행코스,추천코스",,[]
,호수의 물살을 가르며 여름을 즐기자,강원특별자치도 춘천시 스포츠타운길 113-1,,37.8550197403,127.6857871373,2672773,"여행코스,추천코스",,[]
,"호젓해서, 너무 호젓해서 좋은",,,35.5919184002,127.528819934,2037274,"여행코스,추천코스",,[]
,혼자 걷는 것이 어색하지 않은 도심 속 산책,,,37.4189731314,126.9209554194,1887641,"여행코스,추천코스",,[]
,혼자만의 시간이 필요할 때 떠나는 도심 속 나홀로 여행,,,37.5729669793,126.9557284701,2018415,"여행코스,추천코스",,[]
,"화개장터, 최참판댁부터 삼성궁까지 하동의 명물을 만나는 길",,,35.1879684779,127.6239776255,1967407,"여행코스,추천코스",,[]
,화개천을 따라 화사한 벚꽃과 그윽한 차향을 만나다,,,35.2181155005,127.6480636145,1870735,"여행코스,추천코스",,[]
,화려하게 빛나는 인천의 낮과 밤,인천광역시 중구 제물량로232번안길 27,,37.4729365453,126.621006246,2700394,"여행코스,추천코스",,[]
,화산섬 제주의 속살을 만나다.,,,33.4575852751,126.7134770508,2038217,"여행코스,추천코스",,[]
,화산이 만든 비경을 찾아가는 탐험길,,,33.2402112763,126.3132472331,1855204,"여행코스,추천코스",,[]
,화순 고인돌유적을 따라 걷다,,,34.9932344781,126.9536332936,1886076,"여행코스,추천코스",,[]
,화양구곡 맑은 물에 시 한수를 읊으며 청록을 즐기다. [웰촌],,,36.6787466336,127.8023577338,2380919,"여행코스,추천코스",,[]
,화천 커플샷 성지,,,38.0719723055,127.6886915282,2569540,"여행코스,추천코스",,[]
,"화천, 향기로운 ‘산약초 마을’ 힐링 여행",,,38.1605548367,127.6042632575,2569730,"여행코스,추천코스",,[]
,"화천, 환타스틱 ‘딴산유원지’ 힐링 여행",,,38.095979504,127.7775160338,2569716,"여행코스,추천코스",,[]
,화천으로 떠나는 신나는 유기농여행 [웰촌],,,38.1021912652,127.7026893449,2499865,"여행코스,추천코스",,[]
,활기가 넘치면서도 치열한 가슴을 품어 아름다운 광주 속으로!,광주광역시 동구 지호로164번길 35-1,,35.1494112311,126.9491103443,2666784,"여행코스,추천코스",,[]
,황룡강을 따라 걷는 전남 장성 여행,전라남도 장성군 구대해길 65-7,,35.2628729306,126.7562829,2932741,"여행코스,추천코스",,[]
,회재 이언적 선생의 자취를 찾아서,,,35.9998815182,129.2549232252,1853978,"여행코스,추천코스",,[]
,휴(休)가 있는 천혜자연경관과 전통한옥체험 [웰촌],,,34.6214289206,127.4394637689,2380928,"여행코스,추천코스",,[]
,흥미진진 이야기 속 김천여행,,,36.115156327,128.0028416282,2365331,"여행코스,추천코스",,[]
,흩날리는 벚꽃을 만끽하다,,,35.1633674558,128.6593264262,1870725,"여행코스,추천코스",,[]
,흰 구름 깔아놓은 듯 황홀한 벚꽃의 자태,,,35.0021972697,127.2755630365,2044570,"여행코스,추천코스",,[]
,"힐링의 명소, 황톳길을 걸어보다",,,36.3686302309,127.3862701991,1888985,"여행코스,추천코스",,[]
,"1,500년 전 가야시대 소녀를 만나러 가다",,,35.5408804651,128.5021910566,1870718,"여행코스,추천코스",,[]
,12폭포 따라 즐기는 계곡트래킹,,,36.1201127447,129.2754124019,1875635,"여행코스,추천코스",,[]
,1930년대로 떠나는 군산시간여행,,,35.990608907,126.7118266679,2036028,"여행코스,추천코스",,[]
,2천년의 역사를 간직한 오래된 옛길을 걷다,,,36.7316057476,128.6213025371,1871110,"여행코스,추천코스",,[]
,300년의 시간을 오감으로 느끼는 하룻밤,,,36.7734922271,126.6042685029,2358072,"여행코스,추천코스",,[]
,365일 색다른 재미가 넘치는 대관령,,,37.7628495871,128.6950317854,1871389,"여행코스,추천코스",,[]
,3·1운동의 정신을 느껴보는 서울 여행,,,37.5752811449,126.9861478542,2590223,"여행코스,추천코스",,[]
,5.18 숭고한 넋을 되새겨보는 여행,,,35.2357568666,126.9392784878,1888936,"여행코스,추천코스",,[]
,"5월, 아름다운 신록을 만나다.",,,37.7506334957,127.1689595069,2048382,"여행코스,추천코스",,[]
,"6.25전쟁 최대 격전지, 칠곡 방어선 돌아보기",,,36.0177663802,128.4040976691,2519128,"여행코스,추천코스",,[]
,600년 역사의 재미난 스토리가 흐르는 골목,,,37.5790640424,126.9863810591,2038266,"여행코스,추천코스",,[]
,700리 해안의 풍광을 따라 달리는 지상 최고의 드라이브,,,34.7371404431,128.6761974382,2364067,"여행코스,추천코스",,[]
,800년을 이어온 신명 나는 탈판,,,36.5808745081,128.5549628011,2048650,"여행코스,추천코스",,[]
,'연천 1급수' 계곡 따라 강 따라,,,38.0703704758,127.1286316956,2514050,"여행코스,추천코스",,[]
,'태양의 후예' 촬영지 여행 코스,,,37.8967890978,126.7297843803,2384830,"여행코스,추천코스",,[]
,"(강릉~고성) 풍경 따라 맛 따라, 7번 국도 드라이브",,,37.8688291195,128.8451594122,2514873,"여행코스,추천코스",,[]
,(고성) 북녘땅과 마주한 DMZ 여행,,,38.514423424,128.4166336872,2514924,"여행코스,추천코스",,[]
,"(고성) 숨은 영화 촬영지가 궁금할 때, 고성 무비 로드",강원특별자치도 고성군 죽왕면 왕곡마을길 35,,38.3402259423,128.5001537656,2514959,"여행코스,추천코스",,[]
,"(고성) 옛것과 예술의 조우, 문화 산책",,,38.2123689107,128.515145286,2514914,"여행코스,추천코스",,[]
,"(고성) 타박타박 해파랑길 걸으며, 별미 여행",,,38.3140490973,128.5340070595,2514964,"여행코스,추천코스",,[]
,"(고성) 화진포의 수려한 풍광 속으로, 자전거 여행",,,38.4812971112,128.4357440962,2514956,"여행코스,추천코스",,[]
,"(인제~고성) 쉼과 여유, 역사가 있는 휴식 여행",,,38.2651791658,128.3582023679,2514954,"여행코스,추천코스",,[]
,(평창~고성) 숲과 바다를 넘나드는 힐링 로드,,,37.7311846077,128.5925086732,2514879,"여행코스,추천코스",,[]
,[관광두레] 민화이야기와 약초향기 가득한 체험여행,,,37.1413372327,128.2163379259,1928379,"여행코스,추천코스",,[]
,[관광두레] 엄마! 양평가?!,,,37.4583270696,127.3925642288,1928391,"여행코스,추천코스",,[]
,[관광두레] 우리는 노는 물이 다르다! 청풍호 여행,,,37.0298437654,128.1767058371,1928381,"여행코스,추천코스",,[]
,"[관광두레] 푸른 소나무 따라 슬로우, 슬로우 떠나는 여행",,,36.5231346899,129.0393381666,1928383,"여행코스,추천코스",,[]
,‘바다여행의 종합 세트’ 사천으로 가자,,,34.9247115162,128.0741699711,2381406,"여행코스,추천코스",,[]
,‘이열치열’ 하러 대구로 떠나자!,,,35.8702116401,128.5961070541,2402006,"여행코스,추천코스",,[]
,‘직지’의 고장이자 쉼과 여유의 휴양지,,,36.6440501911,127.4715077984,2372021,"여행코스,추천코스",,[]
,‘충혼’의 수양벚꽃 마중하는 호젓한 꽃길,,,37.5013561691,126.9732511193,2044565,"여행코스,추천코스",,[]
,"“동굴아, 여름을 부탁해”...그늘 찾아 떠나는 삼척여행",,,37.3259535342,129.0205714417,2401954,"여행코스,추천코스",,[]
,“해금강이 전부인 줄 알았지?”...거제에서 배우는 역사,,,34.8522233697,128.595876376,2402735,"여행코스,추천코스",,[]
